CaseID,weight,XSPANISH,INTERNET,Q1,Q2_A,Q2_B,Q2_C,Q2_D,Q2_E,Q2_Refused,Q3,Q4,Q5_A,Q5_B,Q5_C,Q5_D,Q5_E,Q5_F,Q5_Refused,Q7,Q9,Q10,Q11,Q12,Q13,Q14,INTMOB,INTFREQ,SMART1,SNSINT2,PPAGE,PPEDUCAT,PPETHM,PPGENDER,PPINCIMP,PPMSACAT,PPSTATEN,PPWORK
3,1.1998,2,1,1,0,0,0,0,1,0,5,3,0,0,0,0,0,1,0,6,3,3,1,5,2,6,1,1,2,1,63,1,4,2,5,1,59,7
4,1.5196,2,1,6,0,0,1,0,0,0,4,3,0,0,0,0,0,1,0,6,1,1,3,1,2,5,1,2,1,1,47,2,4,2,1,1,59,7
5,1.2142,1,1,2,0,0,0,1,0,0,2,2,0,0,0,1,0,0,0,4,2,1,1,2,2,1,1,2,1,1,70,1,4,1,13,1,33,5
6,1.1868,1,1,6,0,0,0,1,0,0,5,2,0,0,0,1,0,0,0,2,3,1,2,1,2,4,1,5,1,2,60,1,3,1,5,1,93,6
7,2.6632,1,1,6,0,0,0,0,1,0,5,3,0,1,0,0,0,0,0,6,2,3,3,5,3,6,1,1,1,2,31,1,4,2,15,0,85,7
8,1.4453,1,1,6,0,0,0,1,0,0,5,3,0,1,0,0,0,0,0,6,1,3,3,5,3,6,1,1,1,1,18,1,2,2,1,1,84,7
9,1.1536,1,1,6,0,0,0,1,0,0,5,2,0,0,0,1,0,0,0,6,3,2,2,5,3,6,1,2,1,1,42,3,1,1,11,1,47,1
10,.8738,1,1,2,0,0,0,1,0,0,5,2,1,0,0,1,0,0,0,6,3,2,3,1,2,6,1,2,1,1,36,3,1,2,16,1,92,1
11,1.1177,1,1,6,0,0,0,1,0,0,5,2,1,0,1,1,0,0,0,2,1,2,2,1,2,6,1,1,1,1,26,4,1,1,17,1,14,1
12,.8034,1,1,2,0,0,0,1,0,0,1,2,1,0,0,0,0,0,0,2,1,2,2,1,2,1,1,2,1,1,31,4,1,1,12,1,93,1
13,1.2881,1,1,6,0,0,0,1,0,0,5,2,1,1,1,1,0,0,0,6,3,2,2,1,2,6,1,1,1,1,37,4,3,2,17,1,93,1
14,1.2263,1,1,2,0,0,0,1,0,0,1,2,1,0,0,1,0,0,0,2,2,2,2,1,2,1,1,1,1,1,33,4,2,2,14,1,54,1
15,1.0455,1,3,6,0,0,0,1,0,0,5,3,0,0,0,1,0,0,0,2,3,3,3,5,3,6,2,5,2,1,51,2,1,1,16,0,32,1
16,1.7321,1,2,2,1,0,0,0,0,0,5,3,1,0,0,0,0,0,0,2,1,1,3,1,2,6,1,1,1,1,25,3,2,1,10,1,23,1
17,1.0443,1,5,6,0,0,0,1,0,0,4,1,0,0,0,0,0,1,0,2,1,2,3,2,2,6,2,5,1,2,26,4,1,2,16,1,54,2
18,1.5653,1,1,2,0,0,0,1,0,0,1,2,1,1,1,1,0,0,0,2,1,1,2,1,2,5,1,1,1,1,29,2,2,1,4,1,58,2
19,.7404,1,1,6,0,0,0,1,0,0,5,3,0,0,0,1,0,0,0,2,3,3,3,2,2,6,2,3,2,2,50,4,1,2,17,1,95,5
20,.8791,1,2,6,0,1,0,0,0,0,5,3,0,0,0,0,0,1,0,2,3,3,3,5,2,6,1,1,1,1,39,3,1,2,6,1,34,7
21,.8062,1,1,6,0,0,0,1,0,0,5,2,0,0,1,1,0,0,0,6,3,1,3,5,2,6,1,4,1,1,71,3,1,1,11,1,32,5
22,.6758,1,1,2,0,0,0,0,1,0,5,3,0,0,0,0,0,1,0,6,1,3,3,5,2,-1,2,2,2,1,62,2,1,2,12,0,23,5
23,1.8102,1,1,6,0,0,0,1,0,0,5,3,1,0,0,0,0,0,0,2,1,2,3,5,2,6,1,2,1,1,22,3,3,1,8,1,86,1
24,1.1565,1,1,2,0,0,0,1,0,0,1,1,0,0,0,1,0,0,0,2,2,2,2,2,2,5,1,2,1,1,24,3,1,2,10,1,34,1
25,.9325,1,1,6,0,0,0,0,0,1,5,3,0,0,1,0,0,0,0,2,2,2,3,1,2,6,1,5,1,1,67,2,1,1,10,1,56,5
26,1.0188,1,2,6,1,0,0,0,0,0,1,2,1,0,0,0,0,0,0,2,2,2,2,1,2,5,1,2,1,2,24,3,1,2,17,1,93,1
27,.9165,1,1,2,0,1,0,0,0,0,5,2,0,0,0,1,0,0,0,2,2,2,3,1,2,6,1,3,1,2,57,3,1,1,13,1,21,2
28,1.2677,1,1,2,1,0,0,0,0,0,2,1,0,0,0,0,0,1,0,1,1,1,3,5,2,3,1,2,1,1,33,2,4,1,4,1,51,1
29,.81,1,1,4,0,0,0,1,0,0,5,2,0,1,0,0,0,0,0,6,1,1,3,2,2,6,1,3,1,2,52,3,1,2,18,1,91,1
30,.9547,1,1,4,0,0,0,1,0,0,5,2,0,0,0,0,0,1,0,2,1,2,3,1,2,6,1,1,1,1,56,3,1,1,19,1,52,1
31,.8539,1,2,5,0,0,0,1,0,0,5,1,0,0,1,0,0,0,0,2,1,2,2,1,2,1,1,3,1,1,57,4,1,1,16,1,33,1
33,.9473,1,3,6,0,0,0,0,1,0,5,3,0,0,0,0,1,0,0,6,3,1,3,5,3,6,2,4,1,1,52,2,1,2,3,1,21,4
34,.7317,1,1,6,0,0,0,1,0,0,5,3,0,1,0,0,0,0,0,2,3,2,3,2,2,6,1,2,1,1,61,4,1,1,16,1,23,5
35,.9635,1,1,6,0,0,0,1,0,0,5,2,0,0,0,1,0,0,0,2,3,2,3,1,3,6,1,2,1,2,50,2,1,1,15,1,86,4
36,.7183,1,1,6,0,0,0,1,0,0,1,3,0,1,1,1,0,0,0,6,3,2,3,1,2,6,2,2,1,1,64,3,1,2,14,1,57,5
37,.9974,1,1,6,0,0,0,1,0,0,5,2,1,0,1,1,0,0,0,2,1,2,2,1,2,6,1,2,1,1,27,4,1,2,12,1,52,1
38,.8956,1,1,2,0,0,0,1,0,0,5,2,1,0,0,0,0,0,0,2,2,2,2,2,2,4,1,1,1,1,42,4,1,2,17,1,62,1
39,.8068,1,1,6,0,0,0,1,0,0,5,1,0,0,1,0,0,0,0,6,3,3,3,2,1,6,1,4,3,2,71,3,1,1,12,0,59,5
40,1.38,1,2,6,0,0,1,0,0,0,5,1,0,0,1,1,0,0,0,6,3,1,3,1,1,2,1,5,1,1,29,1,4,2,6,1,93,7
41,1.2334,1,1,2,0,1,0,0,0,0,1,2,1,0,0,0,0,0,0,2,1,2,3,2,2,3,1,1,1,1,24,1,1,1,7,1,33,4
42,.9056,1,1,2,0,0,0,1,0,0,3,3,0,0,0,1,0,0,0,2,3,1,2,1,2,6,1,1,1,1,43,4,1,1,13,1,16,1
43,.9499,1,1,2,0,0,0,1,0,0,5,2,1,0,0,0,0,0,0,6,1,2,2,1,2,6,1,1,1,1,30,4,1,2,16,0,56,4
44,.3524,1,1,6,0,0,0,0,1,0,5,2,1,0,0,1,0,0,0,2,3,3,2,1,2,1,1,2,1,1,35,4,5,2,17,1,93,1
45,.6599,1,1,6,0,0,0,1,0,0,5,3,0,0,0,0,0,1,0,6,3,3,3,1,3,6,2,3,1,2,70,4,1,2,15,1,23,5
46,.9486,1,1,4,0,0,1,0,0,0,4,1,0,0,0,0,0,0,1,2,1,1,1,1,1,1,1,1,2,1,26,3,1,2,7,1,58,1
47,1.6995,1,1,6,1,1,0,0,0,0,5,3,0,0,0,1,0,0,0,6,1,3,2,5,2,6,2,3,2,2,23,2,2,2,12,1,21,4
48,.8447,1,1,6,0,0,0,1,0,0,5,2,0,0,0,1,0,0,0,5,1,1,1,5,2,6,1,2,1,1,63,3,1,1,16,0,73,1
49,.9325,1,1,6,0,0,0,1,0,0,5,3,0,0,0,1,0,0,0,2,1,3,3,5,3,6,1,4,1,1,74,2,1,1,8,1,72,5
50,.8239,1,1,2,0,0,0,0,1,0,5,2,0,0,0,0,0,1,0,2,1,3,1,2,2,6,1,2,1,1,72,3,1,1,11,1,57,5
51,2.1208,1,1,2,1,0,0,0,0,0,5,2,1,1,1,1,0,0,0,2,1,1,2,1,2,1,1,1,1,1,19,2,3,1,12,1,56,7
53,.9002,1,1,6,1,0,0,0,0,0,5,3,1,0,0,0,0,0,0,6,3,2,2,2,2,6,1,2,1,1,34,4,1,2,18,1,21,7
54,1.5476,1,1,2,0,1,0,0,0,0,5,2,0,1,0,0,0,0,0,2,3,2,2,5,2,6,1,2,1,1,53,3,3,1,15,1,22,1
56,.8447,1,1,5,0,0,0,1,0,0,5,2,0,1,0,0,0,0,0,2,1,2,2,1,2,6,1,2,1,1,65,3,1,1,15,0,71,5
57,.9028,1,1,6,1,0,0,0,0,0,5,2,0,0,0,1,0,0,0,2,1,1,2,1,2,6,1,1,1,1,53,4,1,1,10,1,56,1
58,.8816,1,1,2,0,0,0,1,0,0,1,2,1,0,0,0,0,0,0,2,1,2,2,1,3,1,1,2,1,1,42,4,1,1,13,1,42,1
59,.7317,1,1,2,0,0,0,1,0,0,5,2,0,0,0,0,0,1,0,2,1,2,2,1,3,6,2,3,2,2,85,4,1,1,14,1,22,5
60,.738,1,1,3,0,0,0,0,1,0,5,2,0,0,0,1,0,0,0,6,3,2,2,5,2,6,1,1,1,1,48,3,1,2,4,1,42,1
61,1.284,2,1,6,0,0,0,0,1,0,5,3,0,1,0,0,0,0,0,6,1,3,3,1,2,6,1,1,1,1,27,4,4,2,13,1,93,1
62,.6337,1,1,2,0,1,0,0,0,0,5,2,1,1,1,1,0,0,0,2,1,2,2,1,2,6,1,2,1,1,68,4,1,1,16,0,23,5
63,.6512,1,1,6,0,0,0,0,1,0,5,3,0,0,0,1,0,0,0,2,3,2,3,1,3,6,1,2,1,1,62,3,1,1,5,1,93,6
64,1.4854,1,1,6,0,0,0,0,1,0,3,3,0,0,1,0,0,0,0,2,1,2,3,5,2,6,1,1,1,1,18,1,1,1,14,1,34,1
65,.6424,1,1,2,0,0,0,1,0,0,5,3,1,1,1,1,0,0,0,2,3,1,2,1,2,6,1,2,1,1,67,4,1,2,17,1,34,1
66,.6626,1,1,6,0,0,0,1,0,0,5,2,1,1,1,1,0,0,0,6,1,2,2,1,2,6,1,2,1,1,77,3,1,2,11,1,93,5
67,1.094,1,1,6,0,0,0,0,1,0,5,2,0,1,0,0,0,0,0,6,3,2,2,1,2,6,2,3,2,1,67,3,3,1,13,1,86,2
68,.9596,1,1,2,0,0,0,1,0,0,1,2,0,0,0,0,0,1,0,2,1,2,2,2,2,1,1,2,1,1,48,3,1,1,16,1,23,1
69,.6605,1,1,2,0,0,0,1,0,0,5,3,0,0,0,1,0,0,0,6,2,1,3,5,1,1,2,1,2,1,80,2,1,2,6,1,33,5
70,.6716,1,1,6,0,0,0,1,0,0,5,2,0,0,0,1,0,0,0,2,1,2,2,2,2,2,2,2,1,1,75,4,1,1,8,1,93,2
71,1.0062,1,1,6,0,0,0,0,1,0,5,3,0,0,1,1,0,0,0,6,3,3,3,5,2,6,1,1,1,1,26,3,1,2,6,0,72,7
72,.9433,1,1,2,0,0,0,1,0,0,1,2,1,0,0,0,0,0,0,2,1,2,2,1,2,3,1,2,1,1,43,4,1,1,14,1,74,1
73,1.1177,1,1,2,0,0,0,1,0,0,1,2,1,0,0,0,0,0,0,2,1,2,2,1,2,4,1,1,1,1,28,4,1,1,17,1,23,1
74,.9917,1,1,2,0,0,0,1,0,0,4,2,0,0,0,1,0,0,0,1,2,2,3,5,1,6,1,3,1,1,26,4,1,1,19,1,93,1
76,1.395,1,1,2,0,1,0,0,0,0,5,2,1,0,1,1,0,0,0,2,1,3,2,1,2,1,1,2,1,1,33,3,2,2,11,1,23,1
78,.8005,1,1,2,0,0,0,1,0,0,3,2,0,0,0,1,0,0,0,2,1,2,2,1,2,6,1,2,1,1,61,3,1,1,15,1,21,1
79,1.0017,1,1,4,0,0,0,0,1,0,5,3,0,0,1,1,0,0,0,6,1,1,3,5,2,6,1,1,1,2,19,2,4,2,7,1,86,1
80,1.293,1,1,6,0,1,0,0,0,0,5,3,0,1,1,1,0,0,0,4,3,1,2,2,2,6,1,2,1,1,18,2,1,2,17,1,54,4
81,.9947,1,1,6,0,0,0,0,1,0,5,3,0,0,0,0,0,1,0,6,3,3,3,5,3,6,1,2,3,1,62,1,1,2,15,1,21,5
82,.8726,1,1,6,0,0,0,1,0,0,5,1,0,0,0,0,0,1,0,6,3,3,3,1,2,6,1,1,1,2,54,4,1,1,17,1,59,4
83,.8726,1,2,5,0,0,0,1,0,0,5,2,0,0,0,0,0,1,0,2,3,3,2,2,2,1,1,4,1,1,58,4,1,1,18,1,54,5
84,1.1795,1,1,2,0,0,0,1,0,0,1,2,1,0,1,1,0,0,0,2,1,2,2,1,1,1,1,2,1,2,26,4,1,1,18,0,58,1
85,1.5983,2,1,6,0,0,0,1,0,0,5,3,0,0,0,1,0,0,0,6,3,3,3,5,2,6,1,1,1,1,41,1,4,2,17,1,74,7
86,.9256,1,1,2,0,0,0,1,0,0,1,2,1,0,1,1,0,0,0,2,1,3,2,1,2,4,1,1,1,1,45,4,1,1,19,0,72,1
87,1.3124,1,2,6,0,0,0,0,1,0,5,3,0,0,0,0,0,1,0,6,3,3,3,5,3,6,1,5,3,2,68,4,3,1,9,1,34,1
89,1.1177,1,1,6,0,0,0,1,0,0,5,3,0,1,1,1,0,0,0,5,3,1,1,2,2,6,1,1,2,1,25,4,1,1,16,1,21,6
90,.5592,1,1,6,0,0,0,1,0,0,5,3,0,0,0,0,1,0,0,2,3,3,2,1,3,6,2,2,2,2,77,4,1,2,13,1,93,5
91,1.0189,1,1,6,0,1,0,0,0,0,5,3,0,0,0,1,0,0,0,5,2,1,2,1,1,6,1,2,2,1,68,1,2,2,5,1,53,6
92,.841,1,1,6,0,0,0,1,0,0,5,3,0,0,0,0,0,1,0,6,3,2,3,1,2,6,2,1,1,1,74,2,1,2,11,1,59,5
93,.7954,1,1,5,0,0,0,1,0,0,1,2,1,0,0,0,0,0,0,2,1,2,2,5,2,1,1,2,2,1,82,2,1,2,18,1,43,5
94,.9083,1,1,5,0,0,0,1,0,0,1,2,1,1,1,1,0,0,0,2,3,1,2,1,2,6,1,2,1,1,51,3,1,2,14,1,57,6
95,.5855,1,1,6,0,0,0,1,0,0,5,2,1,1,1,0,0,0,0,2,3,2,2,1,2,6,1,2,2,1,69,4,1,2,14,1,86,5
96,1.3699,1,1,2,1,0,1,0,0,0,5,2,0,1,1,1,0,0,0,2,1,1,2,1,2,3,1,4,1,1,37,4,2,1,14,0,62,1
97,1.1281,1,1,6,0,0,0,1,0,0,5,2,0,0,0,0,0,1,0,2,3,1,3,2,2,6,2,3,2,1,81,3,2,1,10,1,74,5
98,1.4147,1,1,2,0,0,0,1,0,0,5,2,0,1,1,0,0,0,0,5,3,1,2,1,1,6,1,1,1,1,57,2,2,2,18,1,16,1
99,.9059,1,1,6,0,0,0,0,1,0,5,3,1,0,0,0,0,0,0,6,3,3,3,5,3,6,2,2,1,2,61,2,1,1,16,1,22,1
100,1.0443,1,1,6,1,0,0,0,0,0,5,3,1,0,0,0,0,0,0,5,3,2,3,1,2,6,1,2,1,1,28,4,1,2,16,1,59,1
101,.728,1,1,2,0,1,0,0,0,0,5,2,0,0,0,0,1,0,0,2,2,2,2,1,2,1,1,3,2,2,73,4,1,1,16,1,52,5
102,.9342,1,1,2,0,0,0,1,0,0,1,2,0,0,1,0,0,0,0,2,1,2,2,1,2,1,1,1,1,1,53,3,1,1,19,1,35,1
103,.7972,1,1,6,0,0,0,0,1,0,5,3,0,0,0,0,0,1,0,2,3,3,3,5,3,6,1,3,1,1,61,3,1,2,14,1,14,1
104,.9334,1,1,6,0,0,0,1,0,0,5,3,0,0,1,1,0,0,0,2,3,3,2,1,2,6,2,2,2,1,71,2,1,2,10,1,16,5
105,.8029,1,1,6,0,0,0,1,0,0,5,2,0,0,0,0,0,1,0,2,3,2,2,2,2,6,1,2,1,1,71,3,1,2,8,1,33,5
106,.5153,1,1,6,0,0,0,1,0,0,1,1,0,0,0,1,0,0,0,2,2,2,1,2,2,6,1,1,1,2,44,2,5,1,14,1,54,1
107,.7183,1,1,5,0,0,0,1,0,0,4,3,0,0,0,1,0,0,0,2,3,2,2,1,2,1,1,2,1,1,63,3,1,2,14,1,74,4
108,1.7761,1,1,6,1,0,1,0,0,0,5,3,0,1,1,1,0,0,0,4,1,3,2,2,2,5,1,2,1,1,21,2,3,2,12,1,93,1
109,1.032,1,1,6,0,0,0,1,0,0,5,2,0,0,1,0,0,0,0,2,1,1,2,1,2,6,1,2,1,2,41,3,1,1,16,1,59,1
110,.6492,1,1,2,1,0,1,0,0,0,1,2,0,1,1,1,0,0,0,2,1,2,2,1,2,1,1,2,1,2,74,4,1,1,15,1,92,1
112,.6651,1,1,2,0,0,0,1,0,0,1,2,0,0,1,1,0,0,0,2,3,2,2,1,2,3,1,3,1,2,68,4,1,2,12,0,56,2
113,1.0731,1,1,6,0,0,0,0,1,0,5,3,0,0,0,0,0,0,1,6,3,3,3,2,1,6,1,2,1,1,43,3,1,1,11,1,22,1
114,.9009,1,1,2,0,0,0,1,0,0,5,2,0,0,1,0,0,0,0,2,1,2,2,1,3,1,1,1,1,1,35,4,1,1,13,1,58,1
115,.9342,1,1,2,0,0,0,1,0,0,5,2,0,0,0,0,0,1,0,2,1,2,2,1,2,6,1,2,1,2,55,3,1,1,19,1,35,2
116,.6514,1,1,6,0,0,0,1,0,0,5,3,1,1,1,1,0,0,0,2,3,3,2,2,2,6,2,1,2,1,76,2,1,1,4,0,21,5
118,.9759,1,1,2,1,1,1,0,0,0,1,2,1,0,0,1,0,0,0,2,1,2,2,2,2,3,1,1,1,1,31,4,1,1,11,1,57,1
119,.9207,1,3,2,1,0,0,0,0,0,2,1,0,0,0,0,0,1,0,2,1,1,2,2,1,5,1,3,1,2,44,2,1,2,7,1,62,1
120,1.6183,1,1,6,0,0,0,0,1,0,5,3,0,0,0,1,0,0,0,6,1,1,3,5,2,6,1,1,1,1,26,3,2,2,10,1,54,1
121,.6713,1,4,6,0,0,0,1,0,0,5,3,0,0,1,0,0,0,0,2,3,2,3,2,2,6,2,5,1,1,73,3,1,2,13,1,33,5
122,.6271,1,1,6,0,0,0,1,0,0,5,1,1,1,1,1,0,0,0,6,2,2,1,1,2,6,1,2,1,1,68,4,1,2,13,1,57,5
123,1.0195,1,1,6,0,0,0,1,0,0,1,2,0,0,0,0,0,1,0,2,1,2,2,5,2,6,1,2,1,2,26,2,1,1,2,1,86,2
124,1.1831,1,1,2,0,0,0,1,0,0,1,2,1,0,0,1,0,0,0,5,1,2,2,1,2,4,2,2,2,1,20,3,1,1,7,0,62,1
125,1.2018,1,1,6,0,0,0,1,0,0,5,3,0,1,1,1,0,0,0,6,3,3,2,5,3,6,2,2,2,1,74,3,1,1,18,0,93,5
127,.8801,1,1,2,0,1,0,0,0,0,5,2,0,0,0,1,0,0,0,2,1,2,2,1,1,6,2,2,1,1,54,4,1,2,12,1,23,1
128,1.5551,1,1,6,1,0,0,0,0,0,2,1,0,1,0,0,0,0,0,2,1,2,1,5,2,6,2,3,2,2,40,2,2,1,1,0,63,6
129,.7183,1,1,6,0,0,0,1,0,0,5,3,0,0,0,1,0,0,0,2,3,2,3,1,2,6,1,2,1,1,67,3,1,2,16,1,74,5
130,.8281,1,4,2,0,1,0,0,0,0,5,2,0,0,0,0,0,1,0,2,3,3,2,2,2,6,2,5,2,2,66,2,1,2,9,1,88,5
131,1.3277,1,1,6,0,0,0,1,0,0,1,2,1,1,1,1,0,0,0,2,2,1,3,1,2,6,1,1,1,1,27,2,4,1,6,1,21,4
132,1.0192,1,3,1,0,0,0,0,1,0,1,2,0,0,1,0,0,0,0,2,2,2,1,3,1,2,1,2,2,1,34,4,1,1,14,1,31,1
133,.5752,1,1,6,0,0,0,1,0,0,1,2,0,0,0,0,0,1,0,2,1,2,3,1,2,-1,1,2,1,1,44,1,5,1,9,1,34,6
134,2.1511,2,2,6,0,0,0,0,1,0,5,3,0,1,1,0,0,0,0,6,3,3,3,4,3,6,1,4,2,2,39,2,4,1,10,1,54,1
135,.9629,1,1,2,0,0,0,1,0,0,5,2,0,0,0,0,0,1,0,2,1,2,2,1,1,3,2,2,2,2,43,3,4,1,17,1,93,4
136,1.0955,1,1,6,0,0,0,0,1,0,5,3,0,0,1,0,0,0,0,6,3,1,3,1,2,6,1,2,1,1,51,3,4,2,11,1,93,1
138,1.0319,1,1,6,0,0,0,1,0,0,5,2,0,0,0,1,0,0,0,2,3,2,2,5,2,6,1,2,1,1,59,2,1,1,13,1,58,1
139,1.5267,1,1,6,0,0,0,0,1,0,5,3,0,0,0,0,0,1,0,6,3,3,3,5,3,6,1,2,1,1,32,3,2,1,14,1,31,1
140,1.1855,1,1,4,0,0,1,0,0,0,1,2,0,0,1,0,0,0,0,1,1,1,1,2,1,3,1,1,1,1,26,2,1,2,4,1,74,4
141,1.3209,1,2,2,0,0,0,1,0,0,1,3,0,0,1,0,0,0,0,1,1,1,2,5,3,6,2,4,2,2,56,3,1,1,5,0,91,6
142,.8129,1,2,6,0,0,0,0,1,0,5,3,1,1,1,0,0,0,0,2,3,1,3,2,2,6,1,2,1,2,73,2,1,2,16,1,59,5
143,.7782,1,1,2,0,0,0,1,0,0,5,3,1,0,1,1,0,0,0,2,1,2,2,5,3,6,2,2,2,2,55,4,1,1,15,1,86,1
144,.7987,1,1,6,0,0,0,1,0,0,5,3,0,0,0,1,0,0,0,6,3,2,3,1,2,1,1,1,1,1,44,4,1,2,14,1,91,1
145,.8412,1,1,2,0,0,0,1,0,0,1,2,1,0,0,0,0,0,0,2,1,2,2,1,3,1,1,2,1,1,40,4,1,1,19,1,93,1
146,.8302,1,1,6,0,0,0,1,0,0,5,2,0,0,0,0,0,1,0,2,3,2,2,1,2,1,1,2,1,1,58,4,1,2,16,1,58,1
147,.7404,1,1,6,0,1,0,0,0,0,5,2,0,0,0,1,0,0,0,6,1,1,3,1,2,6,1,2,1,1,49,4,1,2,19,1,93,1
148,.7469,1,1,6,0,1,0,0,0,0,5,3,0,0,1,0,0,0,0,2,3,3,3,2,2,6,1,1,2,2,69,3,1,2,8,1,14,5
149,.9974,1,1,2,0,0,0,1,0,0,5,2,1,1,1,1,0,0,0,2,1,2,2,1,2,2,1,2,1,1,26,4,1,2,13,1,59,1
150,1.5258,1,1,2,0,0,0,1,0,0,5,2,1,1,1,1,0,0,0,2,2,3,3,1,2,1,1,2,1,2,27,1,1,1,16,1,23,6
151,1.1132,1,1,6,1,1,0,0,0,0,2,2,0,0,0,1,0,0,0,2,1,2,2,1,2,2,2,2,1,2,29,4,1,1,10,0,42,1
152,1.0188,1,1,6,0,0,0,0,1,0,5,3,0,0,0,0,0,1,0,6,3,2,3,2,3,6,1,2,1,1,23,3,1,2,16,1,93,1
153,1.5476,1,1,-1,0,0,0,1,0,0,1,2,0,0,1,1,0,0,0,2,1,2,2,1,2,6,1,2,1,1,46,3,3,1,19,1,21,1
154,.9947,1,1,6,0,0,0,1,0,0,5,3,1,1,0,1,0,0,0,2,3,2,1,2,2,6,1,2,1,1,54,2,1,2,16,0,35,1
155,.6565,1,1,5,0,0,0,1,0,0,5,2,0,0,1,0,0,0,0,2,2,2,2,1,2,6,1,2,1,1,76,4,1,2,16,1,59,5
156,.8229,1,2,6,0,0,0,0,1,0,5,3,0,0,0,0,0,1,0,6,3,-1,3,1,3,6,2,5,2,2,82,2,1,2,11,1,35,5
157,.817,1,1,5,0,0,0,0,1,0,5,2,0,1,1,0,0,0,0,6,3,3,3,2,2,6,2,2,2,2,69,2,1,2,15,1,22,3
158,.6599,1,1,5,0,0,0,1,0,0,5,1,0,0,0,1,0,0,0,5,2,3,3,1,1,6,1,2,1,1,64,4,1,2,14,1,21,1
159,1.0279,1,1,6,0,0,0,0,1,0,5,3,0,0,0,0,1,0,0,2,2,1,3,1,3,-1,2,3,2,2,49,2,1,2,14,1,63,2
161,.728,1,1,6,0,0,0,0,1,0,5,3,0,0,0,0,0,1,0,6,3,3,3,5,2,6,1,3,1,1,68,4,1,1,16,1,58,5
162,.9013,1,2,6,0,0,0,0,1,0,5,3,1,0,1,0,0,0,0,6,3,3,3,5,3,6,2,3,2,2,60,2,1,1,17,1,74,1
163,.6895,1,1,6,0,0,0,0,1,0,5,3,1,1,1,1,0,0,0,6,2,1,3,5,1,6,1,2,1,1,67,3,1,2,13,1,22,2
164,.797,1,1,6,1,0,0,0,0,0,5,2,0,0,0,1,0,0,0,6,3,2,2,5,2,6,1,1,2,1,59,4,1,2,12,1,21,2
166,.7145,1,2,6,0,0,0,1,0,0,1,2,0,0,0,0,0,1,0,2,3,3,2,1,2,6,2,3,2,2,66,3,1,1,3,1,42,2
167,.6989,1,1,2,0,0,0,1,0,0,1,2,0,0,0,1,0,0,0,2,1,1,2,2,2,5,1,2,1,1,76,4,1,1,13,1,21,1
168,1.2094,1,1,6,0,0,0,0,1,0,5,3,1,0,0,0,0,0,0,6,1,2,3,1,2,6,2,3,2,1,51,4,4,1,13,1,22,1
169,1.0708,1,1,6,1,0,0,0,0,0,2,2,0,0,0,0,0,1,0,2,1,2,2,2,2,2,1,2,2,1,37,2,1,1,4,1,59,4
170,.7145,1,1,6,0,0,0,0,1,0,5,3,0,0,0,0,0,1,0,6,3,3,3,5,2,6,2,3,1,2,63,3,1,1,6,1,43,6
171,.9957,1,1,6,0,0,0,0,1,0,5,3,0,0,0,0,0,1,0,6,3,3,1,5,3,6,2,5,2,2,58,2,1,1,3,1,23,6
172,.7531,1,1,2,1,0,0,0,0,0,5,2,0,1,0,0,0,0,0,2,1,2,2,1,2,6,1,2,1,1,62,4,1,1,8,1,59,5
173,.8771,1,1,2,0,0,0,1,0,0,5,2,1,0,0,0,0,0,0,2,2,1,2,1,2,6,1,2,1,2,55,4,1,1,16,1,14,6
174,.8796,1,1,6,0,0,0,0,1,0,5,3,0,0,0,0,0,1,0,6,3,3,3,5,2,6,2,3,2,1,80,4,2,2,15,1,43,5
175,.3434,1,1,6,0,0,0,1,0,0,1,2,0,0,1,0,0,0,0,3,1,2,2,1,2,5,1,2,2,1,50,4,5,1,16,1,93,1
176,.7987,1,1,6,0,0,0,1,0,0,5,2,0,0,1,1,0,0,0,2,3,2,2,1,2,6,1,1,1,1,30,4,1,2,18,1,93,1
177,1.0881,1,1,6,0,0,0,1,0,0,5,2,1,1,1,0,0,0,0,2,1,2,2,2,2,5,1,2,1,1,25,4,1,1,16,1,44,1
178,.7028,1,1,2,1,1,0,0,0,0,4,2,1,1,1,0,0,0,0,2,2,2,2,1,2,6,1,1,1,1,60,3,1,2,15,1,43,5
179,.5715,1,1,6,0,0,0,1,0,0,5,3,0,0,1,0,0,0,0,6,3,1,3,5,2,6,1,2,1,1,72,4,1,2,18,0,21,5
180,1.0218,1,1,2,0,1,0,0,0,0,5,2,0,0,1,0,0,0,0,6,1,2,3,1,2,6,1,1,1,1,24,4,1,2,14,1,32,1
181,.6337,1,1,2,0,1,0,0,0,0,5,3,0,0,0,0,0,1,0,6,1,2,2,2,2,6,2,2,2,1,69,4,1,1,15,0,13,5
182,.7673,1,1,6,0,0,0,1,0,0,5,2,0,1,0,0,0,0,0,6,3,3,3,1,2,6,1,2,2,1,57,4,1,2,13,0,35,1
183,1.0997,1,1,2,0,0,0,0,1,0,5,1,0,1,0,1,0,0,0,6,2,1,1,1,1,1,1,1,1,1,39,4,4,1,15,1,93,1
184,1.0373,1,1,2,0,0,0,1,0,0,5,2,0,1,1,0,0,0,0,6,2,2,2,2,3,6,1,2,1,1,43,3,1,1,17,1,23,1
185,.8005,1,1,2,1,1,1,0,0,0,1,3,0,1,1,1,0,0,0,2,3,2,2,1,2,1,1,2,1,1,62,3,1,1,19,1,11,1
186,.9325,1,1,6,0,0,0,0,1,0,5,2,0,0,0,1,0,0,0,2,3,1,3,4,1,6,1,2,1,1,78,2,1,1,9,1,56,5
187,.6492,1,1,2,0,0,0,1,0,0,5,3,0,0,0,1,0,0,0,2,1,2,2,2,2,6,1,2,1,1,69,4,1,1,16,1,93,5
188,1.0332,1,1,2,0,1,0,0,0,0,2,2,0,0,1,0,0,0,0,2,1,1,2,2,2,5,1,2,1,1,49,2,1,2,18,1,22,4
189,.7288,1,1,6,0,0,0,0,1,0,5,3,0,1,0,0,0,0,0,2,3,1,2,1,3,6,2,2,2,2,69,4,1,1,9,0,34,2
190,.6492,1,1,2,0,0,0,1,0,0,2,1,1,0,0,0,0,0,0,2,1,2,1,2,2,1,1,2,1,1,79,4,1,1,16,1,84,5
191,.9124,1,2,6,0,0,0,0,1,0,5,3,0,0,0,0,0,1,0,6,3,2,3,1,2,6,2,3,1,1,73,2,1,1,8,1,32,5
192,.8345,1,1,6,0,0,0,0,1,0,5,3,0,0,0,0,0,1,0,6,3,3,3,5,3,6,1,1,1,1,56,4,1,2,19,1,16,2
193,.9938,1,1,6,0,0,0,1,0,0,5,2,0,1,1,0,0,0,0,6,3,2,2,5,2,6,1,2,1,1,71,1,1,1,16,1,56,5
194,1.6794,1,3,4,1,0,0,0,0,0,2,1,0,1,0,0,0,0,0,1,2,1,2,3,2,5,1,2,1,2,35,1,3,2,13,1,93,4
195,1.1179,1,1,2,0,0,0,1,0,0,1,2,1,0,0,0,0,0,0,2,1,2,2,1,2,1,1,2,1,1,19,3,1,2,16,1,34,1
196,.6512,1,1,6,0,0,0,1,0,0,5,2,1,1,1,1,0,0,0,6,1,3,3,1,2,6,2,2,2,2,73,3,1,1,5,1,91,5
197,.8124,1,2,2,0,0,0,1,0,0,5,2,1,0,1,0,0,0,0,2,2,2,2,1,2,1,1,4,2,2,54,4,1,2,19,1,33,1
198,1.1717,1,1,6,0,0,0,1,0,0,5,3,0,1,1,0,0,0,0,2,1,3,3,2,2,6,2,2,1,1,67,1,4,2,15,1,74,5
199,1.0997,1,1,2,0,1,0,0,0,0,1,2,1,0,0,0,0,0,0,2,1,2,2,1,2,3,1,1,1,1,31,4,4,1,16,1,93,1
200,.6555,1,1,2,0,0,0,1,0,0,1,2,1,1,1,0,0,0,0,2,3,2,2,1,1,6,1,5,1,1,64,4,1,1,10,0,13,2
201,.841,1,2,6,0,0,0,1,0,0,5,2,0,1,1,1,0,0,0,1,3,2,3,5,2,6,1,4,1,1,91,2,1,2,8,1,59,5
202,.8888,1,1,2,0,0,0,1,0,0,1,2,1,0,0,0,0,0,0,2,1,2,2,1,2,1,1,2,1,1,47,3,1,2,16,1,33,6
203,1.0509,1,3,2,0,0,0,1,0,0,5,2,0,0,0,0,0,1,0,2,3,3,2,2,2,6,2,4,2,2,63,4,4,1,16,1,59,1
204,.8771,1,2,6,0,0,0,0,1,0,5,3,1,0,1,0,0,0,0,6,3,3,3,2,2,6,1,3,1,1,52,4,1,1,19,1,21,1
205,1.0188,1,1,6,0,0,0,1,0,0,5,2,0,0,0,0,0,1,0,6,3,2,1,5,2,6,1,2,1,1,21,3,1,2,15,1,86,1
207,.8738,1,1,6,0,0,0,1,0,0,5,2,1,0,0,0,0,0,0,2,1,2,2,1,2,6,1,1,1,2,42,3,1,2,16,1,86,1
208,.9607,1,2,6,0,0,0,1,0,0,5,2,1,0,0,0,0,0,0,6,3,1,3,1,2,6,1,4,1,1,59,2,1,2,12,1,42,1
209,.9124,1,1,5,0,0,0,1,0,0,5,3,0,0,0,1,0,0,0,2,1,1,2,1,2,6,1,2,2,1,73,2,1,1,9,1,34,5
210,.9798,1,1,6,0,0,0,1,0,0,5,2,0,0,0,0,0,1,0,4,1,2,3,2,2,6,1,1,1,2,44,3,1,2,16,1,52,1
211,1.214,1,2,6,0,0,0,0,1,0,5,3,0,0,0,0,0,1,0,6,3,2,3,5,3,6,2,5,2,2,61,2,4,2,10,1,74,2
212,.8302,1,1,6,0,0,0,1,0,0,5,2,0,0,1,0,0,0,0,2,3,2,2,5,3,6,1,2,1,1,54,4,1,2,19,1,62,1
213,1.2881,1,1,2,0,1,0,0,0,0,3,2,1,1,1,1,0,0,0,2,1,1,3,1,2,3,1,1,1,1,34,4,3,2,17,1,93,1
214,.6019,1,1,2,0,0,0,1,0,0,1,3,0,0,0,1,0,0,0,2,3,3,3,2,3,5,2,2,2,2,79,2,1,2,6,1,93,5
215,.9634,1,1,2,0,0,0,1,0,0,2,2,1,1,1,0,0,0,0,3,1,2,2,2,2,3,1,1,1,1,29,4,1,2,10,1,82,1
217,.5855,1,1,6,0,0,0,1,0,0,5,2,0,0,0,0,0,1,0,2,1,2,2,5,2,1,1,2,1,1,65,4,1,2,17,1,84,5
218,1.8315,1,1,2,0,0,0,1,0,0,1,1,0,0,1,1,0,0,0,6,2,2,2,1,2,6,1,1,1,1,19,2,2,2,9,1,58,2
219,.9867,1,1,2,0,0,0,1,0,0,5,3,1,0,1,1,0,0,0,6,3,3,3,1,2,1,2,2,1,2,67,3,3,2,13,1,88,5
220,.6444,1,1,6,0,1,0,0,0,0,5,3,0,0,0,1,0,0,0,2,1,2,3,1,2,6,1,2,1,1,60,3,1,2,2,1,31,1
221,.9256,1,1,2,0,0,0,1,0,0,5,2,0,0,0,1,0,0,0,2,3,1,2,1,2,6,1,1,1,1,59,4,1,1,19,0,56,2
222,1.8196,1,5,5,0,0,0,0,1,0,5,2,0,0,1,0,0,0,0,-1,1,2,2,2,3,3,2,5,1,2,23,1,4,1,2,1,74,2
223,1.1251,1,1,6,0,0,1,0,0,0,5,2,1,1,0,0,0,0,0,5,3,3,2,2,1,5,2,1,1,2,64,1,2,2,1,1,58,6
224,.7881,1,2,6,0,0,0,0,1,0,5,3,0,0,0,1,0,0,0,6,3,1,3,1,3,6,2,5,1,1,75,3,1,2,10,0,54,5
225,.9093,1,2,6,0,0,0,0,1,0,5,3,0,0,0,0,0,1,0,6,3,3,3,5,2,6,2,4,2,2,62,2,1,2,12,0,61,1
226,1.1133,1,1,6,0,0,0,1,0,0,5,2,0,0,0,1,0,0,0,2,1,2,2,2,2,6,2,2,2,1,55,1,1,1,12,1,33,1
227,.9433,1,1,6,0,0,0,1,0,0,5,2,0,0,0,0,0,1,0,6,3,3,2,1,3,6,1,1,1,1,38,4,1,1,19,1,74,1
228,1.3727,1,1,2,0,0,0,1,0,0,5,2,0,0,0,1,0,0,0,2,2,1,2,5,2,6,1,1,1,1,28,4,2,2,13,1,15,1
229,.3851,1,1,2,0,1,1,0,0,0,1,2,1,0,1,1,0,0,0,2,1,2,2,1,2,1,1,1,1,1,53,4,5,1,18,1,74,1
230,.7513,1,1,6,0,0,0,0,1,0,5,2,0,1,1,0,0,0,0,6,2,3,3,5,1,6,1,2,2,1,84,2,1,2,12,0,45,5
231,1.0098,1,1,6,0,0,0,1,0,0,5,3,0,0,1,0,0,0,0,6,3,3,3,5,3,6,1,1,1,1,44,3,1,1,15,1,35,1
232,.8345,1,1,6,1,0,1,0,0,0,1,2,0,0,0,1,0,0,0,2,1,2,2,1,2,6,1,2,1,1,55,4,1,2,15,1,15,1
233,.3608,1,1,6,0,1,0,0,0,0,5,1,0,1,0,0,0,0,0,6,1,3,3,2,2,6,1,2,1,1,36,3,5,2,5,1,21,6
234,1.2511,1,1,5,0,0,0,0,1,0,5,1,0,0,1,0,0,0,0,2,1,2,1,5,2,6,1,2,1,1,20,2,1,2,18,0,35,4
235,1.4005,1,1,6,0,0,0,0,1,0,5,3,0,1,0,0,0,0,0,6,3,2,3,5,3,6,1,2,1,1,22,1,1,1,10,1,87,4
236,.9073,1,1,6,0,0,0,0,1,0,5,3,0,0,0,0,0,1,0,6,3,3,3,2,3,6,1,3,1,2,73,1,1,2,9,1,31,5
237,1.3252,1,1,6,0,1,0,0,0,0,5,2,1,0,0,0,0,0,0,6,1,2,2,1,2,1,1,1,1,1,49,1,2,1,7,1,33,1
238,.6492,1,1,6,0,0,0,0,0,1,5,3,0,0,0,0,0,1,0,2,3,3,3,5,3,6,1,2,2,2,64,4,1,1,19,1,92,1
239,1.1349,1,1,2,1,0,1,0,0,0,1,2,1,0,0,0,0,0,0,2,1,2,2,1,2,6,1,2,2,1,27,4,1,1,12,0,34,4
240,.9286,1,1,6,0,0,0,0,1,0,5,3,1,0,0,0,0,0,0,6,3,1,1,1,2,3,2,2,1,1,79,2,1,2,11,1,59,7
241,1.3567,1,1,2,1,1,0,0,0,0,1,2,1,0,0,0,0,0,0,2,1,1,2,1,2,1,1,1,1,1,30,4,3,1,16,1,93,1
242,1.4146,1,1,2,0,0,0,1,0,0,1,2,1,0,1,1,0,0,0,2,2,2,2,2,2,1,1,2,1,2,58,4,3,1,19,1,14,1
243,1.1178,1,1,6,0,0,0,1,0,0,5,3,0,1,0,0,0,0,0,2,3,3,2,1,2,6,1,2,2,1,52,2,1,1,10,1,72,1
245,1.0676,1,1,6,1,0,1,0,0,0,2,2,1,0,0,0,0,0,0,2,1,2,2,2,1,6,1,2,1,1,22,4,1,1,12,1,14,7
246,.7804,1,1,6,0,0,0,0,1,0,5,3,0,0,0,0,0,1,0,6,3,3,3,5,3,6,2,2,1,1,70,2,1,2,12,1,23,1
247,1.2868,1,1,5,0,0,0,1,0,0,1,2,1,0,0,1,0,0,0,2,1,2,2,5,2,4,1,1,1,2,28,2,1,1,13,1,43,1
248,.8989,1,1,2,0,0,0,1,0,0,5,2,1,1,1,1,0,0,0,6,2,2,2,1,2,3,1,2,1,2,76,4,2,2,15,1,74,5
249,.7339,1,1,6,0,0,0,0,1,0,5,3,0,0,0,0,0,1,0,6,3,3,3,5,3,6,2,3,2,2,68,4,1,2,9,1,35,5
250,.7654,1,1,6,0,0,0,1,0,0,5,2,0,0,1,0,0,0,0,2,3,1,3,2,2,6,1,1,1,1,70,4,4,2,16,1,93,2
251,.7782,1,1,2,0,0,0,1,0,0,1,2,0,0,0,1,0,0,0,2,1,2,2,1,2,1,1,1,1,1,47,4,1,1,19,1,93,2
253,1.2978,1,3,5,0,0,0,0,1,0,5,2,0,0,1,0,0,0,0,6,3,1,3,5,2,6,2,4,1,2,57,3,4,1,10,1,21,1
254,.9013,1,1,5,0,0,0,1,0,0,1,2,0,0,1,0,0,0,0,2,1,2,2,5,2,4,1,1,1,1,63,2,1,1,14,1,59,2
255,.8764,1,1,2,0,1,0,0,0,0,5,2,1,0,0,0,0,0,0,2,3,2,2,5,2,1,1,1,1,1,33,4,1,2,16,1,33,1
256,1.112,1,1,2,0,0,0,1,0,0,1,2,1,0,0,0,0,0,0,6,1,2,1,1,2,3,1,1,1,1,28,4,1,1,16,1,56,1
257,.9397,1,2,2,0,1,0,0,0,0,5,1,1,1,1,1,0,0,0,2,2,1,1,1,1,5,2,4,2,1,57,3,1,2,9,1,54,6
259,.8038,1,1,6,0,0,0,1,0,0,1,3,0,1,0,0,0,0,0,2,3,3,3,2,2,6,2,2,2,1,68,2,1,1,14,1,93,2
260,.8376,1,2,6,0,0,0,0,1,0,5,3,0,0,0,0,0,1,0,6,3,3,3,1,2,6,1,5,1,2,70,1,1,2,12,1,31,1
261,.8412,1,1,2,0,0,0,1,0,0,5,2,1,0,1,0,0,0,0,2,1,2,2,1,2,4,1,1,1,1,42,4,1,1,18,1,92,1
262,.6118,1,1,5,0,0,0,1,0,0,5,1,1,1,0,1,0,0,0,2,1,2,3,1,2,1,1,2,1,1,62,3,1,2,13,1,91,5
263,.7793,1,1,2,0,1,0,0,0,0,2,1,0,0,0,0,0,1,0,1,1,2,1,3,1,3,1,1,1,1,68,3,1,1,16,1,34,1
264,.8412,1,1,2,0,0,0,1,0,0,1,2,1,0,0,0,0,0,0,2,1,2,2,1,3,6,2,2,1,2,31,4,1,1,17,1,93,2
265,1.1301,1,1,6,0,0,0,1,0,0,5,2,0,0,0,1,0,0,0,2,1,2,1,1,2,6,1,2,1,1,31,2,1,1,16,0,42,1
267,.675,1,1,6,0,0,0,0,1,0,5,3,0,1,0,0,0,0,0,6,2,1,2,5,2,6,2,2,2,1,61,2,1,2,6,1,57,5
269,1.1557,1,1,5,0,0,0,1,0,0,5,3,0,0,1,0,0,0,0,2,1,2,1,1,2,6,2,3,1,2,59,4,4,1,12,0,56,6
270,.8508,1,1,6,0,0,0,1,0,0,4,2,0,0,0,1,0,0,0,2,1,1,1,1,1,6,1,1,1,1,47,3,4,1,13,1,91,1
271,1.1679,1,1,2,0,0,0,1,0,0,1,2,1,0,0,1,0,0,0,2,1,2,2,1,2,1,1,1,1,1,33,2,1,1,17,1,59,1
272,.2626,1,1,2,0,1,1,0,0,0,1,2,1,1,1,1,0,0,0,2,1,2,3,2,2,6,2,2,3,-1,63,4,5,1,5,1,93,1
273,.7961,1,1,2,0,0,0,1,0,0,5,2,0,0,0,0,0,1,0,6,3,2,2,1,2,6,1,3,1,1,37,3,1,2,7,1,32,6
274,.6136,1,1,2,0,0,0,0,1,0,5,3,0,0,0,0,0,1,0,6,1,3,3,1,2,6,1,2,1,1,60,4,1,2,12,1,47,1
275,1.4454,1,2,6,1,1,1,0,0,0,5,3,0,1,1,1,0,0,0,6,1,2,3,5,2,6,1,4,2,1,62,1,3,2,15,1,74,7
276,.9131,1,1,2,0,1,0,0,0,0,5,3,0,0,1,0,0,0,0,2,3,2,3,1,2,6,1,2,1,1,69,2,1,1,13,0,74,5
277,.8485,1,1,2,0,1,0,0,0,0,5,3,1,1,1,1,0,0,0,6,1,2,3,2,3,3,1,2,1,1,26,4,1,2,7,1,34,1
278,.8956,1,1,2,0,1,0,0,0,0,5,2,0,0,0,0,0,1,0,2,1,2,2,1,2,4,1,2,1,1,43,4,1,2,17,1,54,1
279,1.0804,1,1,5,0,0,0,1,0,0,1,2,0,0,1,1,0,0,0,2,2,1,2,1,2,1,1,5,1,2,55,2,1,1,15,1,54,1
280,1.2096,1,2,5,0,0,0,1,0,0,5,3,0,1,1,0,0,0,0,5,2,2,3,1,2,6,2,4,2,1,45,2,2,1,2,1,93,2
281,.7747,1,1,6,0,0,0,0,1,0,5,3,0,1,0,0,0,0,0,6,3,1,2,5,3,6,1,5,1,1,58,4,4,2,17,1,93,1
282,1.0804,1,1,6,0,0,0,1,0,0,5,3,0,0,1,0,0,0,0,6,3,2,3,1,2,6,2,3,2,1,58,2,1,1,16,1,74,1
283,.8689,1,1,6,0,0,0,1,0,0,5,2,0,0,0,1,0,0,0,5,2,1,3,1,3,6,2,3,2,2,77,2,4,2,7,1,93,5
284,1.0058,1,1,2,0,0,0,1,0,0,1,2,1,0,0,0,0,0,0,6,3,3,2,1,2,6,1,2,1,1,58,2,1,2,16,1,41,1
285,.8302,1,1,2,0,0,0,1,0,0,5,2,0,0,0,1,0,0,0,2,1,2,2,1,2,6,1,2,1,1,58,4,1,2,16,1,74,5
286,.62,1,1,6,0,0,0,1,0,0,5,3,1,1,1,1,0,0,0,6,1,3,2,5,2,6,2,2,2,2,71,4,1,1,13,1,93,2
287,.7628,1,1,6,0,0,0,1,0,0,5,2,1,0,0,0,0,0,0,2,3,2,2,1,2,3,1,2,1,1,36,4,1,2,12,1,93,1
288,1.073,1,1,2,0,0,0,0,1,0,5,2,0,0,1,0,0,0,0,6,2,3,2,5,2,6,1,2,1,1,34,2,1,2,14,0,42,1
289,.9238,1,2,6,0,0,0,0,1,0,5,2,1,1,1,1,0,0,0,6,3,1,3,1,3,6,1,3,1,2,51,3,1,1,19,0,34,5
290,1.1878,1,1,6,1,0,0,0,0,0,5,2,1,1,1,0,0,0,0,4,3,2,2,1,2,5,1,2,1,1,53,3,2,2,12,1,59,1
291,1.812,1,1,6,0,0,0,1,0,0,5,3,0,0,0,0,0,1,0,2,3,2,3,1,2,6,1,2,1,1,53,2,3,1,10,1,22,1
292,.7169,1,1,6,0,1,0,0,0,0,5,3,0,0,0,0,0,1,0,6,1,3,3,5,2,6,2,2,2,2,63,4,1,1,15,1,84,1
293,.8956,1,1,2,0,0,0,1,0,0,1,3,1,0,0,0,0,0,0,2,3,2,3,1,2,6,1,2,1,1,31,4,1,2,19,1,74,7
294,.8764,1,1,6,0,0,0,1,0,0,5,2,0,0,0,0,0,1,0,2,1,3,2,1,2,6,1,1,1,1,44,4,1,2,16,1,46,1
295,1.1055,1,1,6,1,0,0,0,0,0,5,3,0,0,0,1,0,0,0,6,3,2,3,5,3,6,1,2,1,1,24,3,1,2,16,0,42,1
297,.9124,1,1,2,0,0,0,1,0,0,5,3,0,0,0,0,0,1,0,2,3,2,2,1,2,6,1,2,2,1,67,2,1,1,9,1,43,5
299,1.0441,2,1,5,0,0,0,1,0,0,5,3,0,1,0,0,0,0,0,2,1,2,1,1,2,4,1,1,1,1,42,4,4,2,15,1,93,1
300,1.0566,1,1,2,0,0,0,1,0,0,1,2,1,0,0,0,0,0,0,2,1,2,2,1,2,3,1,1,1,1,35,3,4,1,15,1,43,7
301,.9472,1,1,6,0,0,0,1,0,0,1,2,1,0,0,0,0,0,0,2,1,2,2,1,2,6,1,1,1,1,24,4,1,1,13,1,93,1
303,1.2263,1,1,2,0,0,0,1,0,0,5,2,1,1,1,1,0,0,0,2,3,2,2,1,2,1,1,2,1,2,41,4,2,2,18,1,52,1
304,1.3412,1,1,2,0,0,0,1,0,0,1,2,1,0,0,0,0,0,0,2,1,2,2,1,2,4,1,1,1,1,26,4,4,1,11,1,93,1
305,1.0352,1,1,6,1,0,1,0,0,0,5,3,1,0,0,1,0,0,0,6,2,2,3,5,2,6,1,2,2,2,61,3,1,2,12,0,84,7
306,1.1739,1,1,2,0,0,0,1,0,0,1,1,0,1,1,1,0,0,0,2,1,2,1,1,2,3,1,2,1,1,43,2,1,1,16,1,12,1
307,1.1368,1,1,2,0,0,0,1,0,0,5,2,0,1,0,0,0,0,0,6,3,2,2,1,2,6,1,2,1,1,48,4,2,2,18,1,54,1
309,.7443,1,1,6,0,0,0,0,1,0,5,2,0,1,1,1,0,0,0,2,3,1,2,1,2,6,1,2,2,2,60,3,1,1,12,1,34,5
310,.9157,1,1,6,0,0,0,1,0,0,5,3,0,0,0,0,1,0,0,6,1,2,2,5,3,6,1,1,1,1,44,3,1,2,12,1,43,1
311,.8648,1,1,4,0,0,0,1,0,0,2,2,1,1,1,1,0,0,0,2,2,1,2,2,2,5,1,1,1,2,31,2,1,1,3,1,93,6
312,.9907,1,2,5,0,0,0,1,0,0,5,3,0,1,0,0,0,0,0,6,3,2,2,5,2,6,1,4,1,1,70,4,1,2,18,0,93,5
313,.7123,1,1,2,0,0,0,1,0,0,1,2,0,0,0,1,0,0,0,2,1,2,2,1,2,1,1,2,1,1,69,4,1,1,16,1,31,5
314,1.2376,1,1,2,0,1,0,0,0,0,4,2,0,1,1,1,0,0,0,6,3,1,3,1,2,6,1,1,1,1,43,1,1,2,11,1,43,7
315,1.109,1,1,6,0,0,0,0,1,0,5,3,0,0,1,1,0,0,0,6,1,3,3,5,2,1,1,1,1,1,51,3,2,2,16,1,93,1
316,.8514,1,1,6,1,0,0,0,0,0,5,2,1,0,1,1,0,0,0,6,3,1,2,2,2,5,1,2,1,1,57,3,1,1,16,1,85,5
317,.7646,1,1,2,0,0,0,1,0,0,4,2,0,0,0,1,0,0,0,2,1,2,2,2,2,3,1,2,1,1,68,3,1,1,13,1,23,5
318,.8302,1,1,2,0,0,0,1,0,0,5,3,0,1,0,0,0,0,0,2,3,2,2,1,2,6,2,3,2,2,58,4,1,2,19,1,54,5
319,1.3114,1,1,6,0,0,0,1,0,0,5,2,0,1,1,1,0,0,0,2,1,1,3,5,2,6,1,2,1,1,54,3,3,1,13,1,95,4
320,.9848,1,1,6,0,1,0,0,0,0,-1,3,0,0,0,1,0,0,0,2,3,3,-1,1,2,6,1,2,1,1,34,3,1,2,16,1,14,1
321,.8895,1,1,2,1,0,1,0,0,0,1,2,1,0,0,1,0,0,0,2,1,2,2,1,2,2,1,2,1,1,26,4,1,2,12,1,88,1
322,1.0116,2,1,6,0,0,0,1,0,0,5,1,0,0,0,0,0,1,0,6,1,3,1,5,1,6,1,4,1,2,49,2,4,2,12,1,93,1
323,1.4147,1,1,2,0,0,0,1,0,0,5,2,1,0,1,0,0,0,0,2,3,1,2,1,2,1,1,2,1,1,57,2,2,2,16,1,21,1
324,.3186,1,1,2,0,0,0,1,0,0,5,2,0,1,1,1,0,0,0,2,3,1,3,1,2,6,1,2,1,1,62,3,5,2,18,1,22,1
325,.6599,1,1,5,0,0,0,1,0,0,5,3,1,1,1,1,0,0,0,6,3,3,2,4,3,6,2,2,2,2,87,4,1,2,14,1,21,5
326,1.7497,1,1,2,0,0,0,1,0,0,5,3,1,1,1,1,0,0,0,2,1,1,3,1,2,3,1,2,1,1,22,3,3,1,15,1,93,1
327,.9302,1,3,5,0,0,0,1,0,0,1,2,0,0,0,1,0,0,0,2,1,2,2,1,2,6,2,4,2,2,61,2,1,1,13,1,31,1
329,.9735,1,2,6,0,1,0,0,0,0,5,3,0,0,1,0,0,0,0,6,3,2,2,2,3,6,1,2,1,2,31,4,1,1,13,1,34,1
330,1.1799,1,1,5,0,0,0,1,0,0,4,1,0,1,1,1,0,0,0,5,3,2,3,5,1,6,1,2,1,1,64,2,2,2,13,1,23,5
332,.8302,1,1,6,0,0,0,0,1,0,5,3,0,0,0,0,0,1,0,6,3,1,3,5,2,6,1,2,1,1,52,4,1,2,16,1,52,1
333,1.4518,1,1,2,0,0,0,1,0,0,1,2,1,0,0,0,0,0,0,6,1,2,2,1,1,6,1,1,1,1,40,4,3,2,16,1,21,2
335,.6492,1,1,4,0,0,0,1,0,0,5,3,0,0,1,0,0,0,0,6,1,3,3,1,2,1,1,1,2,2,61,4,1,1,17,1,93,1
337,.6605,1,1,6,0,0,0,1,0,0,5,3,0,0,0,0,0,1,0,2,2,1,3,2,2,6,1,3,1,1,79,2,1,2,6,1,32,5
338,.7348,1,1,6,0,0,0,1,0,0,5,2,0,0,0,0,1,0,0,6,3,1,2,1,2,6,2,1,2,2,80,3,1,1,11,1,86,5
340,1.1712,1,1,2,0,0,0,0,1,0,5,3,1,0,1,1,0,0,0,2,3,2,2,1,3,6,1,2,1,1,31,4,2,2,12,1,54,1
341,1.6606,1,2,6,1,0,0,0,0,0,5,2,0,0,0,1,0,0,0,2,3,2,3,5,2,6,1,4,2,1,19,2,4,1,11,1,92,1
342,.7287,1,1,6,0,1,0,0,0,0,5,2,0,0,0,0,0,1,0,6,3,2,3,2,2,6,2,2,2,1,72,4,1,2,15,1,14,5
343,.3532,1,1,6,0,0,0,1,0,0,5,3,0,0,0,0,0,1,0,6,3,3,3,1,2,6,1,2,1,1,72,3,5,1,16,1,16,5
344,.9195,1,1,2,0,0,0,1,0,0,1,2,1,0,0,0,0,0,0,2,2,1,2,1,2,6,1,2,1,1,54,3,1,2,10,1,33,1
345,.8352,1,1,6,0,1,0,0,0,0,5,2,0,0,0,1,0,0,0,6,2,2,2,2,2,6,2,1,2,1,51,2,1,2,5,1,43,1
346,1.3621,1,5,6,0,0,0,0,1,0,5,3,0,0,0,0,1,0,0,6,3,3,3,5,3,6,2,5,3,2,37,2,2,2,1,1,47,7
347,.8726,1,1,6,0,0,0,0,1,0,5,3,0,0,1,1,0,0,0,2,3,2,2,5,3,6,2,2,1,2,51,4,1,1,19,1,59,5
348,.817,1,1,6,1,0,0,0,0,0,5,3,0,0,0,0,0,1,0,5,1,1,3,1,2,6,1,2,2,1,67,2,1,2,17,1,21,5
349,.8086,1,3,6,0,0,0,0,1,0,5,3,0,0,0,0,0,1,0,6,1,3,3,1,2,6,2,5,2,2,78,2,1,1,1,1,35,5
350,.9906,1,1,2,0,1,0,0,0,0,5,1,0,1,1,1,0,0,0,2,1,2,1,1,2,6,1,1,1,1,55,2,1,1,6,1,56,6
351,.8535,1,1,6,0,0,0,1,0,0,5,3,1,1,1,0,0,0,0,2,3,2,3,5,3,6,1,2,1,1,57,2,1,2,4,1,72,1
352,1.7372,2,1,6,0,1,0,0,0,0,5,2,0,1,0,0,0,0,0,6,3,2,3,5,2,5,1,3,2,1,36,2,4,1,10,1,93,1
354,.9429,1,1,2,0,0,0,1,0,0,1,3,0,0,1,0,0,0,0,2,3,3,2,1,2,6,2,2,2,1,57,4,1,1,18,1,33,1
355,1.3374,1,1,6,0,0,0,1,0,0,5,3,0,0,0,0,0,1,0,6,3,3,3,5,3,6,1,2,1,1,36,2,4,2,9,1,93,7
356,.8833,1,1,6,0,0,0,0,1,0,5,2,0,0,0,0,0,1,0,6,3,-1,3,1,3,6,1,3,1,1,55,3,1,2,4,0,64,6
357,.6621,1,1,2,0,0,0,1,0,0,5,2,0,0,0,1,0,0,0,6,3,1,2,5,3,6,1,2,1,1,67,3,1,1,13,0,21,5
358,1.1212,1,1,6,0,0,0,1,0,0,5,3,0,0,1,0,0,0,0,6,3,1,1,1,3,6,1,2,1,1,33,2,1,1,12,1,13,6
359,1.2615,1,1,4,1,0,0,0,0,0,3,1,0,1,1,0,0,0,0,4,2,2,1,2,2,4,1,1,1,1,22,3,1,2,19,1,63,1
360,.6492,1,1,2,0,0,0,1,0,0,5,2,1,1,0,0,0,0,0,2,1,2,1,4,2,1,1,2,1,2,65,4,1,1,14,1,93,5
361,1.7703,1,1,6,0,0,0,0,0,1,5,3,0,0,1,0,0,0,0,6,1,1,3,1,3,6,1,2,1,1,18,2,2,2,17,1,52,1
362,.6271,1,1,2,0,1,0,0,0,0,1,2,1,0,0,0,0,0,0,2,3,2,2,5,2,3,1,2,1,1,72,4,1,2,13,1,62,5
363,.8989,1,1,2,0,0,0,1,0,0,5,2,0,1,0,1,0,0,0,2,3,1,2,5,2,6,1,4,1,2,62,4,2,2,18,1,59,1
364,.728,1,1,6,0,0,0,1,0,0,5,3,0,1,1,1,0,0,0,2,1,2,3,2,2,6,2,3,2,2,73,4,1,1,18,1,59,2
365,1.0279,1,1,5,0,0,0,1,0,0,5,2,0,0,0,0,0,1,0,2,2,1,2,1,2,6,1,2,1,1,56,2,1,2,16,1,74,4
366,1.3585,1,1,5,0,0,0,1,0,0,5,1,0,1,0,1,0,0,0,6,1,1,1,2,2,1,2,1,1,1,31,4,3,2,13,1,93,4
367,1.0319,1,1,6,0,0,0,1,0,0,5,2,0,0,0,1,0,0,0,2,1,1,3,1,-1,6,1,3,1,2,50,2,1,1,12,1,62,2
368,.841,1,1,6,0,1,0,0,0,0,1,3,0,0,0,0,0,1,0,2,3,2,3,2,2,6,1,3,1,2,76,2,1,2,10,1,74,5
369,.8593,1,2,6,0,0,0,0,1,0,5,3,0,0,0,0,0,1,0,6,3,3,3,2,3,6,2,4,2,2,55,4,1,1,19,1,93,1
370,1.2881,1,1,2,0,0,0,1,0,0,5,2,1,0,0,0,0,0,0,6,2,1,2,5,2,6,1,2,1,1,43,4,3,2,17,1,91,1
372,.8,1,1,6,0,0,0,0,1,0,4,3,0,1,0,0,0,0,0,6,3,2,1,5,2,6,2,4,1,1,58,2,1,1,7,1,93,7
373,.849,1,1,2,0,0,0,1,0,0,1,2,0,0,0,1,0,0,0,2,3,1,2,1,2,1,2,2,1,1,85,4,2,1,12,1,93,5
374,1.6712,1,1,5,0,1,0,0,0,0,1,2,1,0,0,0,0,0,0,2,1,2,2,2,2,3,1,1,1,1,23,3,3,1,12,1,93,4
375,1.3071,1,1,6,0,0,0,1,0,0,5,1,0,0,0,0,0,1,0,6,2,2,1,5,2,6,1,2,1,1,58,1,1,1,11,0,74,1
377,.8989,1,2,2,0,0,0,1,0,0,5,3,0,1,1,0,0,0,0,6,2,1,2,2,2,3,1,2,1,1,64,4,2,2,14,1,74,5
378,1.9947,1,1,2,0,0,0,1,0,0,1,2,1,0,1,0,0,0,0,2,1,2,2,2,2,4,1,1,1,1,18,1,4,1,19,1,21,1
379,1.1904,1,1,2,1,1,0,0,0,0,1,2,0,0,0,1,0,0,0,2,2,2,2,1,2,2,1,2,1,1,24,3,1,1,16,1,42,1
380,.4371,1,1,6,0,0,0,0,1,0,5,3,1,0,1,0,0,0,0,6,3,3,3,5,3,6,1,2,1,2,34,3,5,1,12,1,21,7
381,1.3879,1,1,2,0,0,0,1,0,0,5,2,0,0,0,1,0,0,0,1,1,1,2,1,2,6,1,2,1,2,33,3,2,2,11,1,74,1
382,.817,1,1,6,0,0,0,1,0,0,5,3,0,0,0,0,0,1,0,6,-1,3,3,1,2,6,1,5,1,2,78,2,1,2,18,1,23,2
384,.725,1,1,6,0,0,0,0,1,0,5,3,0,0,0,0,0,1,0,6,3,2,3,1,2,6,1,2,1,2,61,4,1,2,15,1,59,1
385,.738,1,1,2,0,0,0,1,0,0,3,2,0,1,0,0,0,0,0,2,3,2,2,3,2,5,1,1,1,1,46,3,1,2,5,1,41,1
386,1.9159,1,4,6,0,1,0,0,0,0,3,3,0,1,0,1,0,0,0,5,1,3,3,5,3,4,2,2,3,2,35,1,3,1,11,1,93,1
387,.7317,1,1,2,0,1,0,0,0,0,1,2,0,0,0,0,1,0,0,2,3,2,2,1,2,1,1,2,1,1,69,4,1,1,19,1,22,1
388,.8889,1,2,5,0,0,0,1,0,0,3,1,1,1,1,1,0,0,0,5,3,2,2,1,2,1,1,2,1,1,60,4,2,1,16,1,93,5
389,.961,1,1,6,0,0,0,0,1,0,5,3,0,0,0,0,0,1,0,6,1,3,1,5,2,6,1,2,1,2,44,4,1,1,8,1,93,1
390,.9917,1,1,6,0,1,0,0,0,0,5,3,1,1,1,0,0,0,0,6,3,3,3,5,2,6,1,1,1,2,20,4,1,1,16,1,93,1
391,1.8084,1,1,2,0,0,0,1,0,0,5,2,1,0,0,1,0,0,0,2,3,2,2,2,2,1,1,2,2,2,68,3,3,2,10,0,93,1
392,.7249,1,1,6,0,0,0,1,0,0,5,3,0,0,1,0,0,0,0,2,1,2,3,5,3,6,1,3,2,2,71,2,1,2,19,1,93,5
393,1.4098,1,1,6,0,1,0,0,0,0,2,3,0,0,0,0,0,1,0,2,3,1,3,2,2,6,2,3,2,2,80,2,2,1,8,1,72,5
394,.9856,1,1,2,0,0,0,1,0,0,1,2,0,0,0,1,0,0,0,2,1,2,2,1,2,1,2,1,1,1,35,3,1,1,12,1,58,1
395,.9019,1,1,6,0,0,0,1,0,0,5,2,0,0,0,0,0,1,0,2,3,3,2,5,2,6,1,3,1,1,65,4,3,2,13,1,93,1
396,.6045,1,2,6,0,0,0,1,0,0,5,3,0,1,1,1,0,0,0,2,3,3,2,5,2,6,1,3,2,1,68,4,1,1,7,1,74,5
397,.3242,1,1,5,0,0,1,0,0,0,2,1,1,0,1,0,0,0,0,6,2,1,2,2,2,4,1,2,1,2,71,3,5,1,11,1,91,5
399,1.0627,1,1,6,0,0,0,0,1,0,5,3,0,1,0,0,0,0,0,6,2,3,3,2,2,6,1,3,1,1,65,2,4,2,14,1,59,6
400,.8771,1,1,2,0,0,0,1,0,0,5,2,0,0,0,1,0,0,0,2,2,2,2,1,2,6,1,2,1,1,46,4,1,1,17,1,22,1
401,.686,1,1,5,0,1,0,0,0,0,5,2,0,0,0,1,0,0,0,6,1,3,1,1,2,5,1,2,1,1,64,3,1,2,13,1,59,1
402,.7597,1,2,6,0,0,0,0,1,0,5,3,0,0,0,0,1,0,0,6,3,3,3,5,3,6,1,3,1,2,60,2,1,2,13,1,46,1
403,1.1679,1,1,2,0,0,0,1,0,0,5,2,0,0,0,1,0,0,0,2,3,3,2,2,1,6,1,1,1,1,38,2,1,1,17,1,54,1
404,.732,1,1,6,0,0,0,0,1,0,5,3,0,0,0,0,0,1,0,2,3,2,3,5,3,6,2,2,2,1,64,2,1,2,9,0,11,5
405,.444,1,1,5,1,1,1,0,0,0,1,3,1,0,0,1,0,0,0,6,1,2,3,5,2,3,2,1,2,1,26,3,5,2,6,0,59,4
406,.6303,1,1,6,0,0,0,1,0,0,5,3,0,0,0,0,0,1,0,5,3,3,3,1,3,6,1,2,2,1,61,4,1,2,12,1,21,2
407,.5321,1,5,2,0,0,0,1,0,0,5,3,0,0,0,0,0,1,0,6,2,1,3,5,2,6,2,5,2,2,53,1,5,1,11,1,34,6
408,.9124,1,1,1,0,0,0,1,0,0,5,2,0,0,0,1,0,0,0,6,2,3,3,5,2,5,2,3,2,1,89,2,1,1,10,1,34,5
409,.7804,1,1,6,0,1,0,0,0,0,5,3,1,1,0,0,0,0,0,6,3,3,3,1,2,6,1,3,2,1,76,2,1,2,13,1,23,5
410,.728,1,1,2,0,0,0,1,0,0,5,2,0,0,0,0,0,1,0,2,3,3,2,1,2,6,1,1,1,1,82,4,1,1,17,1,52,5
411,1.2228,1,1,6,0,0,0,1,0,0,1,1,0,0,0,1,0,0,0,1,2,2,2,1,2,6,1,4,1,1,24,3,1,1,14,1,12,1
412,.5771,1,1,6,0,0,0,1,0,0,5,3,0,0,0,0,0,1,0,4,3,3,3,1,3,6,1,3,1,1,71,3,1,2,6,0,42,5
413,.882,1,1,2,0,0,0,1,0,0,5,2,0,0,1,1,0,0,0,2,1,3,2,1,2,5,1,1,1,1,66,2,1,1,18,1,31,5
414,.7866,1,1,6,0,0,0,1,0,0,5,3,0,0,0,0,0,1,0,6,3,3,3,5,3,6,2,3,2,1,77,2,1,2,19,0,46,5
415,2.1502,1,1,6,0,0,0,1,0,0,2,2,0,0,1,1,0,0,0,6,1,2,2,1,2,6,1,2,1,1,18,1,2,1,11,1,56,1
416,.8424,1,1,6,0,0,0,1,0,0,5,2,0,0,0,1,0,0,0,2,1,2,2,1,2,6,1,2,1,2,66,2,1,1,13,1,41,5
417,.7453,1,5,6,0,0,0,1,0,0,5,3,0,0,0,0,0,1,0,-1,3,1,3,1,2,6,2,5,2,2,60,2,1,2,3,1,73,6
418,1.0804,1,1,2,0,0,0,1,0,0,5,3,1,1,1,1,0,0,0,6,3,3,3,1,2,6,1,2,1,1,51,2,1,1,14,1,59,1
419,.9425,1,1,6,0,0,0,0,1,0,5,3,0,0,0,0,0,1,0,6,3,3,3,5,3,6,2,2,2,1,57,2,1,2,6,1,74,1
420,.838,1,1,5,0,0,0,1,0,0,5,2,1,1,1,1,0,0,0,2,3,2,2,1,2,6,1,2,1,1,59,3,1,2,11,1,86,1
421,.5873,1,2,5,0,0,0,1,0,0,5,1,1,1,0,1,0,0,0,6,1,2,2,5,1,5,1,2,1,1,62,3,1,2,7,1,87,1
423,.6565,1,1,6,0,0,0,1,0,0,5,2,0,0,0,1,0,0,0,6,3,3,3,1,2,6,1,2,1,1,61,4,1,2,14,1,58,5
425,.6492,1,1,2,0,0,0,1,0,0,1,2,1,1,1,1,0,0,0,2,1,2,1,2,2,1,1,2,1,1,68,4,1,1,17,1,86,1
426,.9265,1,1,2,0,0,0,1,0,0,5,2,1,0,0,0,0,0,0,2,3,2,2,1,2,6,1,2,1,1,35,4,1,2,11,1,74,2
427,.9406,1,1,6,0,0,0,1,0,0,5,3,0,0,0,1,0,0,0,6,3,1,3,1,2,6,1,3,1,1,34,3,1,2,13,1,23,1
428,.8589,1,1,6,1,0,0,0,0,0,5,3,1,1,1,1,0,0,0,6,3,3,3,1,1,6,1,2,1,1,45,4,1,2,8,1,72,2
429,.9433,1,1,2,0,0,0,1,0,0,1,2,0,0,1,1,0,0,0,2,3,2,2,1,2,1,1,2,1,1,39,4,1,1,15,1,56,1
431,1.0075,1,1,2,0,0,0,0,1,0,5,3,0,0,0,0,0,1,0,6,3,3,3,2,2,6,2,3,2,2,61,2,1,1,11,1,46,1
432,.8765,1,2,6,0,0,0,1,0,0,5,3,0,1,1,1,0,0,0,6,3,2,2,5,2,6,2,2,2,1,61,2,1,1,1,0,55,5
433,.7607,1,1,6,0,0,0,1,0,0,1,3,1,1,1,1,0,0,0,6,3,3,2,1,1,6,1,5,2,1,77,3,1,1,13,1,74,5
434,1.0496,1,1,2,1,0,0,0,0,0,5,2,1,0,0,0,0,0,0,2,3,2,2,1,2,6,1,2,1,1,25,4,1,2,19,1,14,1
435,.7123,1,1,3,0,0,0,1,0,0,1,3,0,0,0,0,0,0,1,2,1,3,1,1,2,6,1,2,1,1,80,4,1,1,16,1,33,5
436,1.4009,1,1,6,0,0,0,1,0,0,5,2,0,0,1,0,0,0,0,2,2,1,2,1,2,2,1,2,1,1,35,4,2,2,9,1,72,2
437,.8609,1,1,2,0,0,0,1,0,0,5,3,0,0,0,1,0,0,0,6,3,3,2,1,2,6,2,2,2,1,63,2,1,1,13,1,59,5
438,1.1692,1,1,6,0,0,0,0,1,0,5,3,0,0,1,0,0,0,0,6,3,2,2,1,2,6,1,1,1,1,43,2,1,1,11,0,34,1
439,.8789,1,2,6,0,0,0,0,1,0,5,3,0,1,0,0,0,0,0,2,2,3,3,5,3,6,1,3,1,2,51,3,1,2,14,0,34,1
440,.6783,1,1,5,0,0,0,0,1,0,5,2,1,0,0,0,0,0,0,6,1,2,2,5,2,6,1,1,1,1,68,3,1,1,12,1,93,1
441,1.8022,2,1,6,0,0,0,0,1,0,5,3,0,0,0,0,0,1,0,5,3,1,3,2,1,6,1,1,1,1,56,2,4,1,11,1,59,1
442,.8229,1,1,2,0,0,0,0,1,0,5,3,0,0,0,0,0,1,0,6,3,2,3,5,2,6,2,5,2,1,69,2,1,2,11,1,43,5
443,.8804,1,3,5,1,0,0,0,0,0,1,2,0,0,1,0,0,0,0,6,1,2,2,2,2,6,2,3,2,2,62,3,1,1,11,0,32,1
444,.8352,1,1,6,0,0,0,1,0,0,5,2,0,0,1,1,0,0,0,2,3,1,2,2,2,6,1,2,1,1,50,2,1,2,7,1,44,1
445,.9947,1,1,2,0,0,0,1,0,0,5,1,0,1,1,1,0,0,0,5,1,1,1,1,2,5,1,1,1,1,44,2,1,1,13,1,86,1
446,.9645,1,1,2,0,0,0,1,0,0,5,3,0,0,0,0,0,1,0,2,1,3,3,1,2,6,1,2,1,1,36,3,1,1,12,1,33,1
447,.6746,1,1,4,0,0,0,0,1,0,5,2,1,0,0,1,0,0,0,6,3,2,2,5,3,6,1,2,1,2,55,4,1,2,4,1,34,6
448,.9433,1,1,2,1,0,0,0,0,0,1,2,1,0,0,0,0,0,0,2,1,2,2,1,2,1,1,2,1,1,33,4,1,1,16,1,74,1
449,.8345,1,1,6,1,0,0,0,0,0,5,3,1,0,1,1,0,0,0,2,1,3,3,1,2,6,1,2,1,1,45,4,1,2,18,1,14,2
450,.9256,1,1,2,0,0,0,0,0,1,5,3,0,0,0,1,0,0,0,6,1,2,2,2,2,6,1,2,1,1,55,4,1,1,16,0,61,1
452,1.3316,1,1,4,0,0,0,1,0,0,5,1,0,0,1,0,0,0,0,1,2,2,1,4,2,5,2,2,1,2,58,3,2,1,11,1,93,6
453,.6057,1,1,6,0,0,0,1,0,0,5,3,0,0,1,1,0,0,0,6,3,1,3,1,2,6,2,2,2,1,75,4,1,2,9,1,86,5
455,.8589,1,1,6,0,0,0,1,0,0,5,3,0,1,1,1,0,0,0,6,3,2,3,5,2,6,1,1,1,1,59,4,1,2,11,1,62,1
456,.7513,1,2,6,0,0,0,0,1,0,5,3,0,0,0,0,0,1,0,2,3,3,3,1,3,6,2,5,2,2,64,4,1,1,13,1,33,5
457,.7293,1,2,6,0,0,0,0,1,0,5,3,0,1,0,0,0,0,0,2,3,3,3,5,2,6,2,5,2,2,75,2,1,2,4,1,46,5
458,1.4444,1,1,2,0,0,0,1,0,0,5,2,0,1,0,0,0,0,0,2,2,1,2,2,2,5,1,1,1,1,36,4,3,2,19,1,74,1
459,1.2315,1,1,6,0,0,0,1,0,0,5,3,0,0,0,1,0,0,0,6,3,2,3,5,2,6,1,2,1,1,28,3,1,1,8,1,32,4
460,.7513,1,1,2,0,0,0,0,1,0,4,2,0,0,0,1,0,0,0,2,3,3,2,1,2,6,2,3,2,1,69,2,1,2,12,0,47,5
461,.9009,1,1,2,0,0,0,1,0,0,1,2,1,0,0,0,0,0,0,2,1,2,2,1,2,1,1,1,1,1,31,4,1,1,12,1,59,1
462,.728,1,1,6,0,0,0,0,1,0,5,3,0,0,0,0,0,1,0,6,3,3,3,5,3,6,1,3,2,2,82,4,1,1,16,1,54,5
463,.8554,1,1,6,0,0,0,0,1,0,5,3,1,0,1,1,0,0,0,6,1,1,2,1,2,6,1,2,1,1,43,4,1,2,12,1,74,1
464,1.5268,1,3,2,1,0,0,0,0,0,1,1,1,1,1,1,0,0,0,2,1,1,1,1,1,1,2,5,1,2,35,2,4,1,14,1,74,1
465,.8539,1,1,2,0,0,0,1,0,0,1,2,0,0,0,0,1,0,0,2,3,2,2,2,2,1,1,2,1,1,53,4,1,1,16,1,43,1
466,1.7415,2,1,6,0,1,0,0,0,0,2,1,0,1,1,0,0,0,0,2,1,1,1,2,2,1,1,2,1,1,44,1,4,1,8,1,74,1
467,.6353,1,1,6,0,0,1,0,0,0,5,3,0,1,0,0,0,0,0,6,3,3,3,2,3,6,2,3,2,1,68,4,1,2,15,0,31,1
468,.9039,1,2,6,0,0,0,0,1,0,5,3,0,0,0,1,0,0,0,2,3,3,3,5,3,6,1,5,1,2,38,3,1,2,10,1,93,1
469,1.0297,1,1,6,0,0,0,1,0,0,5,3,0,0,0,0,0,1,0,6,3,3,3,2,3,6,2,3,2,2,80,2,1,1,10,1,62,5
470,1.2875,1,1,6,0,0,0,1,0,0,5,2,1,1,1,0,0,0,0,2,3,1,2,1,2,2,1,2,1,2,43,3,4,2,17,1,21,7
471,.9798,1,1,6,0,0,0,1,0,0,5,1,0,0,1,0,0,0,0,6,2,1,1,1,2,6,1,1,1,1,30,3,1,2,14,1,71,1
472,1.0854,1,2,6,0,0,0,1,0,0,5,3,0,0,0,1,0,0,0,2,2,2,3,1,2,6,1,2,1,1,49,4,4,2,15,1,57,1
473,.7987,1,1,2,1,0,0,0,0,0,5,2,0,0,0,1,0,0,0,2,1,3,2,5,2,6,1,1,1,1,30,4,1,2,19,1,93,2
474,1.2018,1,1,6,0,1,0,0,0,0,5,2,0,0,0,1,0,0,0,2,2,2,2,2,2,6,1,2,1,1,60,3,1,1,16,0,88,1
475,1.192,1,1,2,0,0,0,1,0,0,5,1,1,1,1,1,0,0,0,5,2,3,3,2,2,5,1,1,1,1,49,3,4,1,13,1,59,1
476,.9557,1,1,5,0,0,0,1,0,0,3,1,0,1,0,0,0,0,0,2,1,2,1,1,2,3,1,1,1,1,55,3,1,1,8,0,31,1
478,.7123,1,1,2,0,0,0,1,0,0,5,2,1,1,1,0,0,0,0,2,1,2,2,1,2,6,1,1,1,1,65,4,1,1,16,1,34,5
479,1.0621,1,1,6,0,0,0,1,0,0,4,2,0,0,0,1,0,0,0,6,3,2,3,5,2,5,1,1,1,2,62,3,3,2,1,1,57,5
480,1.2394,1,1,6,0,0,0,0,1,0,5,3,0,1,0,0,0,0,0,2,3,1,2,1,2,6,1,2,1,1,27,3,1,1,9,1,87,1
481,.9944,1,1,6,0,1,0,0,0,0,1,2,1,0,1,0,0,0,0,2,3,3,2,2,3,6,1,2,1,1,87,3,4,1,12,1,54,5
482,.6424,1,2,6,0,0,0,1,0,0,5,3,0,0,0,0,0,1,0,2,3,2,2,2,2,6,1,4,1,1,60,4,1,2,16,1,31,5
483,.8138,1,2,2,0,0,0,1,0,0,5,2,1,0,1,1,0,0,0,6,3,2,2,2,3,6,2,4,2,1,62,2,1,2,11,0,35,5
484,1.8647,1,2,6,0,0,0,0,1,0,5,3,0,0,0,0,0,1,0,6,3,2,2,5,2,6,2,3,2,2,22,1,2,1,2,1,33,4
485,1.0475,1,2,2,0,0,0,1,0,0,5,3,1,1,1,1,0,0,0,6,3,2,3,2,2,6,1,2,1,1,26,3,1,2,7,1,54,7
486,.9982,1,1,2,0,0,0,1,0,0,5,2,1,0,1,0,0,0,0,2,1,2,2,1,2,6,2,2,2,2,31,3,1,2,9,1,93,1
487,1.0005,1,1,6,1,0,1,0,0,0,2,2,0,0,0,1,0,0,0,2,1,1,2,2,2,6,1,2,1,2,42,4,1,1,15,0,64,1
488,.8143,1,1,2,0,1,0,0,0,0,5,3,0,0,0,1,0,0,0,2,1,2,2,1,2,1,1,3,1,1,50,4,4,1,17,1,93,1
489,1.3491,1,1,2,0,0,0,1,0,0,5,2,0,0,0,1,0,0,0,6,1,2,2,1,2,1,1,1,1,1,34,3,4,1,16,1,59,1
490,.8888,1,2,5,0,0,0,0,1,0,5,3,0,1,1,0,0,0,0,6,3,3,3,5,3,6,1,4,1,1,52,3,1,2,16,1,33,1
491,.8966,1,1,2,0,0,0,1,0,0,5,2,1,1,1,1,0,0,0,2,1,2,2,2,2,6,1,2,1,1,33,4,1,2,11,0,31,1
493,.8922,1,1,2,0,0,1,0,0,0,3,2,1,1,1,0,0,0,0,2,1,1,1,2,2,1,1,2,1,1,49,3,1,1,12,1,45,1
494,.9697,1,1,6,0,0,0,1,0,0,5,3,0,0,0,0,0,1,0,2,3,3,3,1,2,6,1,2,1,1,44,2,1,1,5,1,72,1
495,.6586,1,3,6,0,0,0,0,1,0,5,3,0,0,0,0,0,1,0,6,3,3,3,1,3,6,2,5,2,2,67,3,1,2,4,1,59,5
496,.7317,1,1,2,0,0,0,1,0,0,5,2,0,0,0,0,0,1,0,2,3,2,2,1,2,6,1,1,1,2,73,4,1,1,19,1,21,5
497,.7098,1,1,2,0,0,0,1,0,0,5,2,0,0,0,0,0,1,0,2,3,2,2,1,2,6,2,2,2,1,77,3,4,1,12,1,86,5
498,.8352,1,1,6,0,0,0,1,0,0,5,3,0,0,0,0,1,0,0,6,3,3,2,1,2,6,2,3,2,1,56,2,1,2,5,1,31,6
499,.9358,1,1,6,0,0,0,1,0,0,5,3,1,1,1,1,0,0,0,6,3,3,3,1,2,6,1,2,1,1,32,3,1,2,13,1,74,7
501,1.2477,1,1,6,0,0,0,1,0,0,5,2,0,0,1,0,0,0,0,6,1,1,1,1,2,6,1,2,1,2,48,3,3,2,12,1,95,1
502,.9056,1,1,5,0,0,0,1,0,0,5,3,0,0,0,0,0,1,0,6,3,3,3,2,3,6,1,3,1,1,37,3,1,2,12,0,47,7
503,.5836,1,3,6,0,1,0,0,0,0,5,3,0,0,0,0,0,1,0,6,3,3,3,2,1,6,2,5,2,1,84,3,1,2,5,1,34,5
504,.8302,1,1,2,1,0,0,0,0,0,2,2,1,1,1,0,0,0,0,2,1,2,2,1,2,6,1,1,1,2,48,4,1,2,16,1,62,1
505,1.2228,1,2,1,0,0,0,1,0,0,5,2,0,0,1,0,0,0,0,2,2,2,2,2,2,1,1,4,1,1,28,3,1,1,16,1,16,4
506,.6492,1,2,6,0,0,0,0,1,0,5,3,0,0,0,0,0,1,0,6,3,3,3,5,3,6,2,5,1,2,86,4,1,1,16,1,88,5
507,.7427,1,2,2,0,0,0,1,0,0,5,3,1,1,1,1,0,0,0,2,3,1,2,1,3,6,1,5,2,2,57,3,1,2,6,1,92,1
509,.8412,1,1,6,0,0,0,1,0,0,5,2,0,0,0,1,0,0,0,2,1,1,1,1,2,3,1,1,1,1,34,4,1,1,15,1,93,1
510,.9083,1,1,2,0,0,0,1,0,0,5,2,0,0,1,0,0,0,0,2,1,2,2,1,2,6,1,2,1,1,53,3,1,2,14,1,59,1
511,.6465,1,1,2,0,0,0,1,0,0,5,2,1,1,1,1,0,0,0,2,3,2,3,1,2,6,2,2,2,1,62,4,1,2,14,1,93,1
512,1.4244,1,1,2,0,1,0,0,0,0,1,2,1,0,0,0,0,0,0,2,1,2,2,5,2,1,2,1,1,1,19,2,1,1,8,1,74,7
513,1.0189,1,2,6,0,0,0,0,1,0,5,2,0,1,0,1,0,0,0,6,3,2,2,2,2,6,1,4,1,1,44,3,1,2,11,1,23,1
514,1.0415,1,1,6,0,1,0,0,0,0,5,2,0,0,0,1,0,0,0,2,1,2,2,1,3,6,1,2,1,1,41,2,1,1,15,1,91,1
515,1.341,1,1,5,0,0,0,0,1,0,4,2,0,1,1,0,0,0,0,4,2,1,2,2,2,6,2,3,1,1,42,2,1,1,11,1,22,1
517,1.0406,1,1,6,0,0,0,1,0,0,5,3,1,1,1,0,0,0,0,2,3,1,3,1,2,6,1,2,1,1,55,2,1,2,10,1,32,1
518,1.0291,1,1,6,0,0,0,1,0,0,5,3,0,0,0,1,0,0,0,6,3,3,3,5,3,6,1,2,1,1,55,2,1,2,8,0,45,1
519,.8029,1,2,6,0,0,0,0,1,0,5,3,0,0,0,0,0,1,0,6,3,3,3,5,3,6,2,3,1,2,85,3,1,2,10,1,43,5
520,.9848,1,1,6,0,0,1,0,0,0,5,3,0,0,1,1,0,0,0,6,3,2,3,5,2,6,1,3,1,1,40,3,1,2,15,1,23,1
521,.9286,1,2,6,0,0,0,1,0,0,5,3,1,0,0,1,0,0,0,6,3,3,3,5,2,6,2,5,2,2,76,2,1,2,11,1,54,5
522,.3605,1,2,6,0,0,0,0,1,0,5,3,0,0,0,1,0,0,0,6,3,3,3,1,3,6,1,5,1,1,72,2,5,2,14,1,16,5
523,1.2349,1,1,2,0,0,0,0,1,0,1,2,1,0,1,1,0,0,0,2,3,2,3,5,1,6,1,2,1,1,19,2,1,2,13,1,54,7
524,.9848,1,2,6,0,0,0,1,0,0,5,3,0,1,0,0,0,0,0,2,1,2,2,1,2,5,1,3,1,2,43,3,1,2,17,1,22,1
525,.9547,1,1,2,1,1,1,0,0,0,5,2,1,0,0,0,0,0,0,2,1,2,2,1,2,6,1,2,1,1,54,3,1,1,18,1,57,1
526,1.073,1,1,6,1,0,0,0,0,0,5,3,0,1,0,1,0,0,0,2,1,1,3,1,2,6,2,2,2,1,43,2,1,2,17,0,35,7
527,.6827,1,2,2,0,1,0,0,0,0,5,2,0,0,0,1,0,0,0,2,3,2,2,2,2,6,2,4,2,1,72,4,1,2,11,1,14,5
528,.8405,1,2,6,0,0,0,0,1,0,5,3,0,0,0,0,0,1,0,6,3,3,3,1,3,6,2,5,2,2,51,2,1,2,6,1,92,2
530,1.1101,1,1,2,0,0,0,1,0,0,5,3,0,0,0,1,0,0,0,6,3,1,3,1,2,6,1,1,1,1,33,2,1,2,9,0,31,7
531,.8412,1,1,5,1,0,0,0,0,0,4,2,0,0,0,1,0,0,0,2,1,2,2,2,2,3,1,1,1,1,36,4,1,1,14,1,93,2
532,.3212,1,1,2,0,0,0,1,0,0,1,2,1,1,1,1,0,0,0,2,3,2,2,1,2,6,1,2,1,1,68,4,5,1,14,1,74,1
533,.7607,1,1,2,0,0,0,1,0,0,5,3,0,0,0,0,0,1,0,2,3,3,3,1,3,6,2,3,2,1,78,3,1,1,13,1,74,5
534,1.0953,1,1,5,1,0,0,0,0,0,5,2,0,1,0,1,0,0,0,2,2,2,2,1,3,6,1,2,1,1,44,3,1,2,8,1,31,1
535,.6924,1,2,5,1,0,0,0,0,0,5,3,0,0,0,1,0,0,0,2,3,1,1,1,2,6,2,4,2,2,70,2,1,2,13,1,93,5
536,.9372,1,3,2,0,0,0,1,0,0,4,1,0,1,0,0,0,0,0,6,1,3,2,2,2,6,2,5,2,2,78,2,1,1,8,1,21,5
537,.6118,1,1,2,0,0,0,1,0,0,5,3,1,0,0,0,0,0,0,2,3,1,3,1,2,1,1,1,1,1,61,3,1,2,13,1,93,1
538,.9605,1,1,2,0,0,0,1,0,0,1,2,0,0,1,0,0,0,0,6,3,2,2,1,2,6,1,2,2,1,65,3,4,1,10,1,86,5
539,.728,1,1,2,0,0,0,1,0,0,1,2,0,0,0,1,0,0,0,2,1,2,2,1,2,1,1,1,1,1,70,4,1,1,16,1,74,1
540,.8357,1,1,5,0,0,0,1,0,0,5,3,1,0,0,1,0,0,0,6,1,1,3,1,2,6,1,2,1,1,40,4,4,2,14,1,85,1
541,1.4125,1,1,6,0,0,0,0,1,0,5,3,0,0,0,0,0,1,0,2,3,2,3,5,2,6,1,1,1,2,57,2,4,1,15,1,74,1
542,.8438,1,2,6,0,0,0,0,1,0,5,3,0,0,0,0,0,1,0,6,3,3,3,5,3,6,2,4,2,2,39,3,1,1,1,1,92,4
543,1.0392,1,2,1,0,0,0,1,0,0,5,2,1,1,1,1,0,0,0,2,1,2,-1,1,2,6,1,3,1,1,52,1,1,2,2,1,56,1
544,.5451,1,1,2,1,0,1,0,0,0,5,2,1,0,0,0,0,0,0,6,3,2,3,1,2,6,1,2,1,1,61,4,1,2,7,1,62,5
545,.9406,1,1,6,0,0,0,1,0,0,5,2,0,0,0,1,0,0,0,2,1,1,1,5,2,6,1,2,1,2,39,3,1,2,13,1,23,1
546,1.0689,1,1,6,0,1,0,0,0,0,5,3,0,1,1,0,0,0,0,4,1,2,3,2,1,3,1,2,1,2,56,2,1,2,8,1,21,1
547,1.6183,1,1,6,0,0,0,1,0,0,5,3,0,0,0,0,1,0,0,6,3,2,3,1,2,6,1,2,1,1,27,3,2,2,8,1,59,1
548,.8453,1,3,6,0,0,0,1,0,0,5,3,0,1,1,0,0,0,0,6,3,3,3,2,2,6,1,3,1,1,64,2,1,2,11,1,23,5
550,1.1368,1,1,2,0,0,0,1,0,0,5,3,0,0,0,1,0,0,0,2,3,3,3,1,2,6,1,1,1,1,59,4,2,2,18,1,62,1
551,.8005,1,1,6,1,0,0,0,0,0,5,3,0,1,0,0,0,0,0,2,3,1,2,5,3,6,2,4,2,2,68,3,1,1,14,1,22,5
553,.9724,1,1,5,0,0,0,0,1,0,5,2,0,1,0,0,0,0,0,6,3,2,1,2,2,6,1,3,1,2,65,3,2,1,16,1,93,5
554,.8059,1,1,6,0,0,0,0,1,0,5,3,0,0,0,1,0,0,0,6,3,2,3,1,2,6,1,2,1,1,58,3,1,2,7,0,31,1
555,1.3646,1,1,5,0,0,0,1,0,0,4,2,0,0,0,1,0,0,0,6,3,1,3,2,2,2,1,1,1,1,49,3,2,2,11,0,56,1
556,1.8948,1,1,6,0,0,0,1,0,0,3,2,1,0,1,0,0,0,0,2,3,2,3,5,2,6,1,2,1,1,21,2,2,1,16,1,23,1
557,.6613,1,1,6,0,0,0,1,0,0,5,2,0,0,0,0,0,1,0,6,1,3,2,1,2,6,1,1,1,2,65,3,1,1,7,1,59,5
558,.9433,1,1,2,0,0,1,0,0,0,5,2,1,0,0,0,0,0,0,2,1,2,2,1,2,1,1,2,1,1,41,4,1,1,15,1,58,1
559,.81,1,1,2,0,0,0,1,0,0,5,2,0,0,0,0,0,1,0,2,3,2,2,5,2,6,1,2,1,1,58,3,1,2,17,1,87,7
560,.7404,1,1,2,0,0,0,1,0,0,5,2,1,0,0,0,0,0,0,2,1,2,2,1,2,6,1,2,1,1,48,4,1,2,16,1,91,1
561,.8653,1,1,6,0,0,0,0,1,0,5,3,0,0,0,0,0,1,0,6,1,2,2,5,2,6,2,2,2,1,67,2,1,1,12,1,23,2
562,.8447,1,1,5,0,1,0,0,0,0,5,2,1,0,0,0,0,0,0,2,3,1,2,1,2,6,1,2,1,1,82,3,1,1,19,0,54,5
563,1.1483,1,1,6,0,0,0,0,1,0,5,3,1,0,0,0,0,0,0,6,3,2,3,1,3,6,1,2,1,1,22,3,1,2,17,1,21,1
565,1.4945,1,1,6,1,0,1,0,0,0,3,3,0,0,1,0,0,0,0,6,3,2,3,5,2,6,1,1,2,1,19,2,4,1,7,1,59,6
566,.9056,1,1,6,0,0,0,0,1,0,5,3,0,0,0,1,0,0,0,6,3,2,1,1,1,6,1,2,1,1,39,3,1,2,12,0,35,1
567,.9473,1,5,6,0,0,0,1,0,0,5,3,0,0,0,0,0,1,0,2,3,3,3,1,3,6,2,5,2,2,58,2,1,2,6,1,23,1
569,2.0769,1,1,5,0,0,1,0,0,0,4,2,0,0,0,1,0,0,0,6,3,3,2,4,2,3,2,4,3,2,58,1,4,1,19,0,85,4
572,.913,1,1,6,0,0,0,0,1,0,5,3,1,0,0,0,0,0,0,6,3,3,3,1,2,6,1,2,1,1,51,3,1,2,16,1,21,1
573,.8412,1,1,6,1,1,1,0,0,0,5,2,1,1,1,1,0,0,0,6,1,2,2,1,1,6,1,2,1,1,43,4,1,1,16,1,93,2
574,.7531,1,1,6,0,0,0,0,1,0,5,3,1,0,1,0,0,0,0,6,3,3,2,1,2,5,1,2,2,2,72,4,1,1,11,1,58,5
575,.2865,1,1,6,1,0,1,0,0,0,5,3,1,0,1,1,0,0,0,2,3,2,3,1,2,6,1,2,1,1,64,4,5,1,15,1,91,1
576,.856,1,4,2,0,0,0,1,0,0,1,1,0,1,1,1,0,0,0,6,1,2,1,1,1,6,1,5,2,2,86,1,1,2,13,1,59,5
577,.9002,1,1,2,0,0,0,1,0,0,5,3,1,1,1,1,0,0,0,6,3,3,3,2,2,6,1,2,1,1,43,4,1,2,19,1,21,1
578,.9002,1,1,2,0,0,0,1,0,0,3,2,1,0,0,0,0,0,0,2,2,2,2,2,2,1,1,1,1,1,32,4,1,2,17,1,23,1
579,1.1186,1,1,6,1,0,1,0,0,0,5,3,1,0,1,1,0,0,0,6,3,2,3,1,2,6,1,1,1,1,21,2,1,1,5,1,42,1
580,.7443,1,2,6,0,0,0,0,1,0,5,2,0,1,1,0,0,0,0,2,3,1,2,1,2,6,2,4,2,2,74,3,1,1,13,1,41,5
582,1.0608,1,1,6,0,0,0,0,1,0,5,3,0,0,1,0,0,0,0,2,3,3,3,1,2,6,1,1,2,1,50,2,1,2,12,1,41,1
583,.9195,1,1,6,0,0,0,0,1,0,5,3,0,0,0,1,0,0,0,6,3,1,3,5,3,6,1,2,1,1,58,3,1,2,11,1,33,1
584,1.9566,2,4,6,0,0,0,0,1,0,5,3,0,0,0,0,0,1,0,6,3,3,3,1,3,6,1,5,2,2,46,1,4,1,8,1,93,3
585,1.0281,1,4,2,0,0,0,0,1,0,5,3,0,0,0,0,0,1,0,6,3,3,3,5,3,6,2,5,2,2,81,1,1,1,10,1,59,5
586,.8264,1,2,1,0,0,0,1,0,0,4,1,0,1,0,1,0,0,0,2,1,2,1,5,1,1,1,2,1,1,66,2,1,1,2,1,55,6
587,.6713,1,2,6,0,0,0,0,1,0,5,3,0,0,0,0,1,0,0,6,3,2,2,5,2,6,1,5,1,2,66,3,1,2,13,1,34,5
588,1.1,1,1,6,0,1,0,0,0,0,5,3,1,0,1,0,0,0,0,6,1,2,3,1,2,6,1,1,1,1,30,4,2,1,13,1,93,1
590,.6565,1,1,2,0,0,0,1,0,0,5,2,0,0,0,1,0,0,0,6,3,3,3,5,3,6,1,2,2,2,69,4,1,2,14,1,62,1
591,1.0731,1,1,6,0,0,0,1,0,0,5,3,0,0,0,0,0,1,0,2,3,2,2,5,2,6,1,1,1,2,40,3,1,1,11,1,22,1
592,.9083,1,1,6,0,0,0,0,1,0,5,1,0,0,1,0,0,0,0,4,1,2,1,5,2,6,1,2,1,1,55,3,1,2,16,1,59,5
594,1.2332,1,1,2,0,0,0,1,0,0,5,2,1,0,0,0,0,0,0,6,1,2,2,1,2,2,1,1,1,1,38,4,4,1,16,1,74,1
595,1.2441,1,2,6,0,0,0,0,1,0,5,3,0,0,1,0,0,0,0,6,3,2,3,5,2,6,2,3,1,2,62,2,2,2,8,1,31,1
596,.9489,1,1,3,0,0,0,0,1,0,5,1,0,0,0,0,0,1,0,6,3,2,1,5,1,6,1,1,1,1,31,2,1,1,1,1,31,6
597,.6057,1,1,2,0,0,0,1,0,0,5,2,1,1,1,1,0,0,0,2,2,3,2,2,2,3,1,2,1,1,66,4,1,2,11,1,93,5
598,1.5212,1,1,6,0,1,0,0,0,0,5,2,0,1,0,0,0,0,0,2,2,2,3,1,2,6,1,1,1,1,25,3,2,2,5,0,64,1
599,1.5594,1,1,2,1,0,0,0,0,0,1,2,1,1,0,1,0,0,0,2,1,1,2,1,2,6,1,2,1,1,20,2,4,2,8,1,93,4
600,1.3206,2,1,3,1,0,0,0,0,0,2,1,0,0,0,0,1,0,0,2,1,2,2,1,1,1,1,1,1,1,25,3,4,1,6,1,59,3
601,.6827,1,1,6,0,0,0,1,0,0,5,2,1,1,1,1,0,0,0,6,3,2,2,1,2,5,1,2,1,1,62,4,1,2,10,1,23,1
602,1.0218,1,1,2,1,1,1,0,0,0,1,2,1,0,0,0,0,0,0,2,1,2,2,2,2,1,1,1,1,1,26,4,1,2,16,1,35,1
604,1.091,1,1,6,0,0,0,1,0,0,5,2,0,1,1,1,0,0,0,6,3,2,2,1,2,6,1,2,1,1,34,3,4,2,13,1,93,1
605,.8539,1,1,5,0,0,0,0,1,0,5,2,0,0,1,0,0,0,0,6,1,2,2,1,2,3,1,2,1,1,45,4,1,1,19,1,42,1
606,1.1368,1,1,6,0,0,0,0,1,0,5,2,0,0,1,0,0,0,0,6,2,2,2,5,2,6,1,1,1,1,55,4,2,2,16,1,56,1
607,1.1483,1,1,6,0,0,0,1,0,0,5,2,1,0,1,0,0,0,0,2,1,2,2,1,2,1,1,2,1,1,22,3,1,2,19,1,23,1
608,1.4561,1,1,6,0,0,0,0,1,0,5,3,0,0,0,0,0,0,1,6,3,3,3,2,2,1,1,2,1,1,51,2,2,2,8,1,54,1
609,1.0804,1,1,2,0,0,0,1,0,0,5,2,1,1,1,1,0,0,0,2,2,1,3,1,2,6,2,2,2,1,59,2,1,1,15,1,59,1
610,1.1258,1,1,4,0,0,0,0,1,0,1,3,0,0,1,0,0,0,0,2,3,2,3,5,3,6,1,2,1,1,27,2,1,1,2,1,85,2
611,1.2077,1,3,6,0,0,0,0,1,0,5,3,0,0,0,0,0,1,0,6,3,3,3,5,3,6,2,5,2,2,56,2,1,1,9,1,31,1
612,.923,1,1,6,0,0,0,1,0,0,1,2,0,0,0,0,0,0,1,1,1,2,1,3,2,1,1,2,1,1,39,4,1,1,19,1,33,1
613,1.1499,1,2,6,0,0,0,1,0,0,5,3,0,1,1,0,0,0,0,2,2,3,2,2,2,6,2,4,2,1,57,1,4,1,9,1,93,4
614,.9967,1,1,6,0,0,0,1,0,0,5,1,0,1,0,0,0,0,0,2,3,1,2,2,2,2,1,2,1,1,60,4,2,1,18,1,52,1
615,1.1739,1,2,2,0,0,0,1,0,0,5,3,0,0,0,0,0,1,0,6,3,3,3,5,3,6,1,3,1,1,44,2,1,1,15,1,22,1
616,1.2868,1,1,5,0,0,0,1,0,0,5,3,0,0,0,1,0,0,0,6,1,3,3,1,2,6,1,3,1,1,20,2,1,1,13,1,46,1
617,.8125,1,1,2,0,1,0,0,0,0,5,2,0,0,0,1,0,0,0,2,1,1,3,5,2,6,1,3,1,2,66,1,1,1,1,1,93,7
619,1.2166,1,2,2,0,0,0,1,0,0,3,2,1,0,0,1,0,0,0,2,1,2,2,2,2,1,1,3,1,1,23,3,1,1,16,1,54,7
620,1.0708,1,3,6,0,0,0,0,1,0,5,3,0,0,0,0,0,1,0,6,3,3,3,5,3,6,1,5,2,2,40,2,1,1,1,1,56,7
621,.9693,1,4,6,0,0,0,1,0,0,5,3,0,0,0,0,0,0,1,6,3,1,2,5,2,6,1,4,1,2,48,2,1,1,2,1,33,6
622,.8833,1,2,3,0,0,0,0,1,0,5,2,0,1,1,1,0,0,0,6,3,2,2,5,2,6,2,4,2,2,55,3,1,2,6,0,61,7
623,1.1196,1,2,5,0,0,0,0,1,0,5,1,0,0,0,1,0,0,0,6,3,1,3,5,2,6,1,2,1,1,32,3,2,2,4,1,21,1
624,1.6427,2,1,2,0,0,0,1,0,0,2,3,0,0,0,1,0,0,0,6,3,2,3,2,2,5,1,2,1,1,42,3,4,2,11,1,21,2
625,.3605,1,1,6,0,0,0,1,0,0,5,3,0,0,1,1,0,0,0,4,3,2,3,2,2,6,2,2,1,2,76,2,5,2,14,1,23,5
626,1.0196,1,2,6,0,0,0,1,0,0,5,2,0,0,0,0,0,1,0,6,2,2,2,5,2,6,1,5,1,2,24,4,1,1,4,1,74,1
627,.8412,1,1,2,1,0,0,0,0,0,5,3,0,1,1,1,0,0,0,2,1,2,2,1,3,6,1,1,1,1,37,4,1,1,14,1,88,1
628,.7575,1,1,3,1,1,1,0,0,0,4,1,0,1,1,0,0,0,0,4,1,2,2,2,2,1,1,1,1,1,61,3,1,2,13,1,63,1
630,.8424,1,1,2,0,0,0,0,1,0,5,2,0,0,0,0,0,1,0,2,1,2,2,1,2,6,1,2,1,2,62,2,1,1,13,1,31,5
631,.8001,1,2,6,0,0,0,1,0,0,5,3,1,1,1,1,0,0,0,2,3,3,3,1,3,6,2,4,2,2,45,4,1,1,5,1,62,1
632,.9481,1,1,2,0,0,0,1,0,0,5,2,0,0,1,0,0,0,0,2,1,2,2,1,2,1,1,2,1,2,39,4,1,1,18,1,22,1
633,.728,1,1,6,1,0,0,0,0,0,5,3,0,0,0,1,0,0,0,2,3,3,1,2,2,6,1,2,1,2,63,4,1,1,19,1,62,5
634,.8771,1,1,6,0,0,0,1,0,0,5,2,0,0,0,0,0,1,0,2,3,2,2,1,2,6,1,1,1,1,59,4,1,1,19,1,21,1
635,1.0571,1,1,6,0,0,0,0,1,0,5,3,0,0,1,0,0,0,0,6,3,3,1,5,3,6,2,1,1,1,27,4,1,2,9,1,33,7
636,1.3783,1,1,2,0,0,0,1,0,0,5,2,0,0,1,1,0,0,0,2,3,2,2,5,3,6,1,1,1,1,19,2,1,1,10,0,47,1
637,1.5291,1,1,2,0,0,0,1,0,0,1,2,1,0,1,1,0,0,0,2,1,2,2,1,2,1,1,1,1,1,31,4,3,1,16,1,21,1
638,.9342,1,1,6,0,0,0,0,1,0,5,3,0,0,0,1,0,0,0,2,3,3,3,5,3,5,1,2,1,1,54,3,1,1,15,1,33,1
639,1.349,1,3,1,1,0,0,0,0,0,5,2,0,0,0,1,0,0,0,2,1,1,2,1,2,1,2,5,2,2,55,3,2,1,12,1,43,1
640,.9848,1,1,6,0,0,0,1,0,0,5,2,1,0,0,0,0,0,0,2,3,3,3,5,2,6,1,2,1,1,44,3,1,2,14,1,22,1
641,1.1425,1,2,6,0,0,0,0,1,0,4,2,0,0,1,0,0,0,0,1,2,3,1,3,1,1,2,3,3,1,31,2,4,2,14,1,93,1
642,.8138,1,2,6,0,0,0,0,1,0,5,3,0,0,0,0,0,1,0,6,3,3,3,1,3,6,2,4,2,2,65,4,1,1,11,1,41,5
643,.5318,1,1,6,0,0,0,1,0,0,5,3,1,1,1,1,0,0,0,2,3,3,3,1,2,6,2,3,2,2,71,3,1,2,4,1,86,5
644,1.2702,1,1,2,0,0,0,1,0,0,5,2,0,0,0,1,0,0,0,2,2,2,2,2,2,6,1,2,1,1,21,2,1,1,11,1,93,1
646,.7212,1,2,6,0,0,0,0,1,0,5,3,0,0,0,0,0,1,0,2,1,2,3,2,2,6,2,4,2,1,65,2,1,2,4,0,41,1
647,1.0455,1,1,2,0,0,0,0,1,0,4,2,0,0,0,0,0,1,0,6,3,1,-1,1,3,6,1,2,1,1,51,2,1,1,16,0,42,1
648,1.2652,1,1,6,0,0,0,0,1,0,5,3,0,0,1,1,0,0,0,6,3,2,1,2,2,6,1,2,1,1,19,2,1,2,17,1,42,4
649,1.4278,1,2,6,0,0,0,0,1,0,5,3,0,0,0,0,0,1,0,6,3,2,3,5,3,6,2,5,2,1,38,3,1,1,6,0,81,2
650,1.0062,1,1,6,0,0,0,1,0,0,5,2,1,0,0,0,0,0,0,2,1,2,1,2,2,6,1,2,2,1,28,3,1,2,5,0,55,1
652,.8722,1,1,6,0,0,0,0,1,0,5,2,0,1,0,0,0,0,0,2,1,2,2,2,2,6,1,2,1,1,68,2,1,1,14,0,41,5
653,.957,1,1,2,1,1,0,0,0,0,5,2,1,0,1,1,0,0,0,6,3,2,1,1,2,6,1,1,1,1,33,4,1,2,15,0,34,1
654,1.2615,1,1,6,0,0,0,0,1,0,4,3,1,0,1,1,0,0,0,6,3,3,3,5,3,6,1,2,1,1,29,3,1,2,14,1,61,1
656,1.4129,1,1,6,0,0,1,0,0,0,1,3,0,1,1,1,0,0,0,2,3,2,2,1,3,6,2,2,1,1,43,3,2,1,15,1,52,1
657,1.0372,1,1,2,0,0,0,1,0,0,2,3,0,1,0,1,0,0,0,6,1,3,2,5,2,6,2,1,2,1,50,2,1,1,13,1,14,7
658,.6424,1,1,5,0,0,0,1,0,0,5,3,1,0,1,1,0,0,0,6,3,3,3,1,2,6,1,2,1,1,65,4,1,2,15,1,41,5
659,.7793,1,2,6,0,0,0,1,0,0,5,3,0,0,0,0,0,1,0,2,3,2,3,1,3,6,2,4,2,2,68,3,1,1,14,1,43,5
660,.9286,1,2,6,0,0,0,0,1,0,5,3,0,0,1,1,0,0,0,2,3,3,3,1,3,6,1,4,2,2,65,2,1,2,9,1,61,5
661,.9494,1,1,2,0,0,1,0,0,0,5,3,1,1,1,0,0,0,0,6,1,3,3,5,3,6,1,2,1,1,30,4,1,2,12,1,14,1
662,.9013,1,5,2,0,0,0,0,1,0,5,3,0,0,1,1,0,0,0,2,3,1,3,2,3,6,2,5,2,2,79,2,1,1,16,1,52,5
663,1.3768,1,1,6,0,0,0,0,1,0,5,3,0,0,0,1,0,0,0,6,3,1,3,5,3,6,1,5,2,1,25,2,1,1,15,1,55,2
664,.8539,1,1,2,0,1,0,0,0,0,1,2,1,0,1,0,0,0,0,2,1,2,2,1,2,5,1,1,2,2,54,4,1,1,14,1,35,1
665,.9433,1,1,2,0,0,0,1,0,0,1,2,1,1,1,1,0,0,0,2,1,3,2,1,2,6,1,2,1,1,35,4,1,1,14,1,61,1
666,.7988,1,2,6,0,0,0,0,1,0,5,3,0,0,0,0,0,1,0,2,3,3,3,2,2,6,1,5,1,1,68,4,1,1,10,0,58,5
667,1.1815,2,1,5,0,0,0,0,1,0,5,2,0,0,0,1,0,0,0,6,3,3,2,4,2,6,1,3,2,1,67,1,4,2,4,1,93,1
668,1.2299,1,1,6,0,0,0,1,0,0,5,2,0,1,0,0,0,0,0,6,2,1,2,1,1,6,1,1,1,1,40,1,1,1,12,1,63,1
669,1.1107,1,4,5,0,0,0,1,0,0,5,3,0,1,1,0,0,0,0,6,3,2,2,5,2,6,2,5,2,2,54,2,1,2,15,1,42,2
670,.9009,1,1,2,0,0,0,1,0,0,5,2,1,1,1,1,0,0,0,2,1,2,2,1,2,6,1,2,1,1,44,4,1,1,13,1,71,1
671,1.9759,1,2,6,0,0,0,1,0,0,5,3,0,0,0,0,0,1,0,6,2,3,3,1,2,1,1,1,2,1,26,1,2,2,8,1,31,6
672,1.1712,1,2,6,0,0,0,1,0,0,1,3,0,0,0,0,0,1,0,2,1,3,3,5,2,6,2,4,2,2,33,4,2,2,12,1,56,2
673,.8888,1,1,2,1,1,0,0,0,0,5,2,1,1,1,1,0,0,0,2,1,2,2,2,1,1,1,2,1,1,56,3,1,2,17,1,31,5
674,.9397,1,1,2,0,0,0,1,0,0,5,2,0,0,1,0,0,0,0,6,2,2,2,1,2,6,1,2,1,1,55,3,1,2,8,1,63,1
675,1.4854,1,2,6,0,0,0,1,0,0,5,3,1,0,0,0,0,0,0,2,3,2,3,2,2,6,1,4,1,1,18,1,1,1,15,1,43,1
676,.8423,1,1,2,0,0,0,1,0,0,5,3,1,0,1,1,0,0,0,2,3,3,3,1,2,6,1,2,1,1,39,4,1,2,12,1,93,1
677,.9942,1,1,2,0,0,0,0,1,0,5,2,1,1,0,1,0,0,0,6,1,2,2,2,2,6,1,2,1,1,56,1,1,1,1,1,21,1
678,1.0571,1,1,2,0,0,0,1,0,0,5,2,1,0,0,0,0,0,0,2,1,2,2,1,2,4,1,1,1,1,27,4,1,2,8,1,35,1
679,1.1531,1,1,6,0,0,0,0,1,0,5,3,0,0,0,0,0,1,0,6,3,3,3,5,3,6,1,1,2,1,31,2,1,2,9,1,22,1
680,1.0363,1,1,2,0,0,0,0,1,0,5,3,0,0,0,0,0,1,0,6,3,3,3,5,3,6,1,2,1,1,39,2,1,2,13,1,41,1
681,1.77,2,2,1,0,0,0,1,0,0,5,1,0,0,1,0,0,0,0,6,1,3,3,5,3,6,2,3,2,2,52,1,4,1,6,1,22,1
682,.992,1,2,2,0,0,0,1,0,0,1,2,1,1,1,0,0,0,0,2,3,2,2,5,3,6,1,2,1,1,44,4,4,1,19,1,21,1
683,1.9114,2,1,6,0,0,0,0,1,0,5,3,0,1,1,0,0,0,0,6,3,3,3,5,2,6,1,1,1,1,27,2,4,2,3,1,74,7
684,1.4345,1,1,6,0,0,0,1,0,0,5,3,1,0,0,0,0,0,0,3,2,2,2,1,2,5,1,2,1,1,27,4,3,2,12,1,91,1
685,.6424,1,1,6,1,0,0,0,0,0,5,2,1,0,0,0,0,0,0,2,3,2,2,1,2,6,2,2,2,1,64,4,1,2,15,1,33,6
686,.8059,1,2,6,0,0,0,1,0,0,5,2,0,0,1,0,0,0,0,6,3,2,3,1,2,6,2,4,2,1,56,3,1,2,6,0,41,4
687,1.4146,1,1,-1,1,0,0,0,0,0,5,2,1,1,1,1,0,0,0,5,1,2,2,1,2,1,1,1,1,1,51,4,3,1,16,1,21,1
688,.6075,1,1,6,0,0,0,0,1,0,5,2,0,0,0,0,0,0,1,5,3,2,3,1,3,6,1,1,1,2,23,2,5,1,17,1,59,2
689,1.0476,1,1,6,0,0,0,1,0,0,5,3,0,0,0,0,0,1,0,2,3,2,3,5,2,6,1,2,1,2,52,3,1,1,10,0,59,1
690,.7937,1,1,2,0,0,0,0,1,0,5,2,1,0,0,0,0,0,0,6,1,2,2,2,2,6,1,1,1,1,56,3,1,1,12,0,16,1
691,1.2847,1,1,2,0,0,0,1,0,0,5,2,1,0,0,0,0,0,0,2,1,2,2,1,2,6,1,3,1,2,19,2,4,1,15,1,87,1
692,1.0937,1,1,6,0,0,0,1,0,0,5,3,0,1,1,0,0,0,0,6,1,2,3,1,2,6,1,4,1,2,57,2,1,1,9,1,32,6
693,.6565,1,1,5,0,0,0,1,0,0,5,2,1,0,0,0,0,0,0,6,1,2,2,1,2,6,1,2,1,1,61,4,1,2,16,1,51,1
694,.6964,1,1,6,0,0,0,0,1,0,5,3,0,0,0,0,0,1,0,6,1,2,3,5,2,6,1,3,1,1,68,4,1,2,19,0,73,5
695,.6924,1,3,6,0,0,0,1,0,0,5,3,1,1,1,1,0,0,0,4,3,3,3,1,2,6,1,2,1,1,73,2,1,2,13,1,86,5
696,.9481,1,1,5,0,0,0,1,0,0,2,1,1,1,1,1,0,0,0,2,1,2,2,2,2,4,1,2,1,1,32,4,1,1,15,1,22,1
697,1.2166,1,1,6,0,0,0,1,0,0,5,2,1,0,0,0,0,0,0,6,1,2,3,1,2,5,1,2,1,1,22,3,1,1,18,1,58,4
698,1.0218,1,1,2,0,0,0,1,0,0,1,2,1,0,0,0,0,0,0,2,1,2,2,1,2,1,1,1,1,1,24,4,1,2,19,1,31,4
699,.8535,1,2,5,0,0,0,1,0,0,1,2,0,0,0,0,1,0,0,2,3,3,2,2,2,6,2,2,2,1,54,2,1,2,7,1,51,1
700,1.6144,1,1,6,0,0,0,0,1,0,5,3,0,0,1,0,0,0,0,6,3,2,2,5,2,6,2,1,1,2,19,2,4,2,13,1,59,4
701,.9325,1,1,5,0,0,0,1,0,0,1,2,0,0,0,1,0,0,0,2,1,2,2,1,2,3,1,2,1,2,60,2,1,1,11,1,74,1
702,1.5348,1,1,6,0,0,0,1,0,0,5,3,0,0,0,0,0,1,0,6,3,3,3,5,3,6,2,5,2,2,36,1,2,2,1,1,74,4
704,1.4782,2,1,6,0,0,0,1,0,0,5,3,0,1,1,1,0,0,0,6,1,1,3,1,2,6,1,1,1,1,61,1,4,1,11,1,86,7
705,.719,1,1,6,0,0,0,1,0,0,5,2,0,0,0,0,0,1,0,4,3,2,3,5,2,6,1,2,2,1,73,3,1,2,9,0,35,5
707,1.153,1,1,6,0,0,0,1,0,0,4,3,1,1,1,1,0,0,0,2,3,3,1,5,2,6,1,1,1,1,19,2,1,2,15,1,93,1
708,.9433,1,1,2,0,0,0,1,0,0,1,2,1,0,0,0,0,0,0,2,1,2,2,1,1,1,1,1,1,1,42,4,1,1,17,1,62,1
709,1.1483,1,1,4,0,0,0,0,1,0,1,1,1,0,1,0,0,0,0,6,2,2,3,2,2,5,1,2,1,1,20,3,1,2,16,1,14,1
710,.8259,1,1,6,0,0,0,1,0,0,5,2,0,0,0,0,0,1,0,6,3,1,3,5,2,6,1,2,1,1,49,2,1,2,6,0,31,2
711,.5194,1,1,6,0,1,0,0,0,0,1,2,0,0,0,1,0,0,0,2,1,2,2,5,2,1,1,2,1,1,20,3,5,1,17,0,34,1
712,.7416,1,2,6,0,0,0,1,0,0,5,3,0,0,0,0,0,1,0,2,3,3,3,1,3,6,2,4,2,2,75,4,1,1,8,1,93,5
713,.8579,1,1,6,0,0,0,0,1,0,5,3,1,1,1,1,0,0,0,2,1,2,2,5,2,6,1,2,1,1,52,2,1,2,7,1,11,1
715,.7317,1,1,6,0,0,0,1,0,0,5,1,0,0,0,1,0,0,0,2,2,1,3,1,2,6,1,3,1,2,76,4,1,1,15,1,23,5
716,1.3376,1,1,6,0,0,0,1,0,0,5,1,0,0,1,0,0,0,0,2,3,2,3,1,2,6,1,1,1,1,29,2,1,2,8,1,63,7
717,1.2813,1,1,2,0,1,0,0,0,0,5,1,0,1,1,0,0,0,0,1,2,1,1,1,2,6,1,2,1,1,36,3,2,2,13,1,52,4
718,.6492,1,1,2,0,0,0,1,0,0,1,2,1,1,1,0,0,0,0,2,1,2,2,1,2,1,1,2,1,1,60,4,1,1,15,1,87,1
719,.728,1,1,2,0,0,0,1,0,0,2,2,0,0,0,0,0,1,0,6,3,2,2,1,3,6,2,3,2,2,78,4,1,1,17,1,59,5
721,1.9153,2,2,6,1,0,1,0,0,0,5,3,1,0,1,1,0,0,0,6,3,2,3,5,2,6,1,3,2,1,43,1,4,1,10,1,93,2
722,.9167,1,2,6,0,0,0,1,0,0,5,3,0,0,0,0,0,1,0,6,3,2,2,2,2,6,2,3,2,1,54,2,1,2,16,1,85,1
723,.7782,1,1,2,0,0,0,1,0,0,1,2,1,0,0,0,0,0,0,2,2,2,2,1,2,6,1,5,1,1,49,4,1,1,15,1,93,1
724,.9907,1,1,2,1,0,0,0,0,0,5,2,1,1,1,1,0,0,0,2,1,3,2,1,2,6,1,2,1,1,64,4,1,2,18,0,91,1
725,.3599,1,1,2,1,0,0,0,0,0,5,2,0,0,0,1,0,0,0,2,1,2,1,2,2,5,1,2,1,1,51,4,5,1,13,1,43,1
726,.913,1,1,2,0,0,0,1,0,0,5,2,0,0,1,1,0,0,0,2,1,1,2,1,2,6,1,2,1,1,56,3,1,2,17,1,22,1
727,.9433,1,1,2,0,0,0,1,0,0,1,1,1,0,0,0,0,0,0,2,1,2,2,1,2,1,1,2,1,1,38,4,1,1,19,1,59,2
728,.81,1,1,2,0,0,0,1,0,0,5,2,0,0,1,0,0,0,0,4,1,2,2,1,2,6,1,2,1,1,49,3,1,2,16,1,87,1
729,.8956,1,1,6,0,0,0,1,0,0,5,2,0,0,0,1,0,0,0,2,3,2,2,1,2,1,1,1,1,1,36,4,1,2,15,1,58,1
730,.8539,1,1,2,0,0,0,1,0,0,1,2,1,0,1,0,0,0,0,2,1,2,2,1,2,3,1,2,1,1,59,4,1,1,14,1,35,1
731,1.4009,1,2,2,1,0,0,0,0,0,5,3,0,1,0,0,0,0,0,6,1,3,3,1,2,6,1,2,2,1,40,4,2,2,9,1,57,1
732,1.9843,1,1,2,0,0,0,1,0,0,5,2,0,0,0,1,0,0,0,6,3,3,2,1,3,6,1,1,1,1,20,2,1,1,12,0,92,7
733,.8834,1,2,6,0,0,0,0,1,0,5,2,0,0,0,0,0,1,0,6,3,3,1,5,2,6,2,4,2,1,50,2,1,1,4,1,86,6
734,.7764,1,1,2,0,0,0,1,0,0,5,2,0,0,0,0,0,0,1,2,2,2,2,4,3,6,2,3,2,2,71,2,1,2,13,1,61,1
735,1.7216,1,1,6,0,0,0,1,0,0,5,1,0,1,1,0,0,0,0,4,3,1,1,1,2,6,1,1,1,1,25,2,2,2,7,0,63,1
736,.7866,1,1,6,0,0,0,0,1,0,5,1,0,1,0,0,0,0,0,6,2,3,1,2,2,6,1,3,1,1,66,2,1,2,16,0,46,2
737,1.3415,1,1,6,0,1,0,0,0,0,5,3,0,0,0,1,0,0,0,2,1,2,2,2,2,6,1,1,1,1,34,1,1,2,9,0,58,4
739,.7905,1,1,6,0,0,0,1,0,0,5,-1,0,0,0,0,0,1,0,6,3,2,3,2,2,6,1,5,1,1,71,2,1,2,4,0,74,5
740,.8702,2,1,1,0,1,0,0,0,0,4,3,0,0,1,0,0,0,0,6,1,1,3,5,2,5,1,2,2,1,61,4,4,1,8,1,59,5
741,1.0838,1,1,6,0,0,0,0,1,0,5,3,0,0,0,0,0,1,0,6,3,2,2,5,2,6,1,3,1,1,73,3,1,2,16,0,94,1
742,1.1177,1,1,2,1,0,0,0,0,0,1,2,0,1,1,1,0,0,0,2,1,2,2,2,2,2,1,1,1,1,24,4,1,1,19,1,21,1
743,1.3783,1,2,6,0,0,0,0,1,0,5,3,0,1,0,1,0,0,0,6,3,3,3,1,3,6,1,4,1,1,21,2,1,1,11,0,35,1
744,1.0406,1,1,6,0,0,0,0,1,0,5,3,0,0,1,1,0,0,0,6,3,2,3,5,3,6,1,2,1,1,54,2,1,2,10,1,42,6
745,.8302,1,1,2,0,0,0,1,0,0,5,2,1,0,0,0,0,0,0,2,1,2,2,1,2,6,1,2,1,1,51,4,1,2,17,1,74,1
746,1.0062,1,1,6,0,0,0,0,1,0,5,3,0,0,1,0,0,0,0,6,2,2,2,1,2,6,1,3,1,1,24,3,1,2,7,0,61,1
747,1.1178,1,1,6,0,0,0,0,1,0,5,2,0,0,0,1,0,0,0,4,1,1,2,2,2,6,1,1,1,1,53,2,1,1,9,1,58,1
748,.8124,1,1,6,0,0,0,1,0,0,1,2,0,0,1,0,0,0,0,2,1,1,2,1,2,2,1,1,1,1,55,4,1,2,17,1,31,2
749,.8235,1,1,6,0,0,0,1,0,0,5,3,1,1,1,1,0,0,0,6,3,3,3,5,2,6,1,2,1,1,79,2,1,2,12,0,59,5
750,.7782,1,1,5,0,0,1,0,0,0,1,2,0,1,1,1,0,0,0,1,2,2,2,1,2,2,2,2,2,1,50,4,1,1,19,1,93,2
751,.7513,1,1,6,0,1,0,0,0,0,3,1,0,1,1,0,0,0,0,6,1,1,2,1,2,6,1,2,1,1,78,2,1,2,13,0,32,5
752,1.0098,1,1,2,0,0,0,1,0,0,1,2,0,0,0,1,0,0,0,2,1,2,2,1,2,5,1,2,1,1,40,3,1,1,15,1,34,1
753,1.0513,1,5,6,0,0,0,0,1,0,5,3,0,0,0,0,0,1,0,6,3,3,3,5,3,6,2,5,2,2,40,3,1,1,8,1,93,4
754,1.2996,1,1,6,0,0,0,1,0,0,5,3,1,1,1,1,0,0,0,6,1,2,1,5,2,6,1,2,1,1,18,2,1,2,14,1,23,1
755,1.1691,1,1,6,0,0,0,0,1,0,5,3,1,0,1,1,0,0,0,6,3,3,3,5,3,6,1,2,2,1,85,2,3,2,19,1,93,5
756,1.3349,1,1,6,0,0,0,1,0,0,5,3,0,0,1,1,0,0,0,6,3,2,3,1,2,6,1,-1,1,2,29,3,1,1,8,0,73,1
757,.8623,1,1,6,0,1,0,0,0,0,5,3,1,0,0,0,0,0,0,2,3,3,1,5,2,6,2,3,2,2,57,2,1,1,7,0,23,6
758,1.6929,1,1,2,1,0,0,0,0,0,5,3,0,0,0,1,0,0,0,6,1,2,3,1,2,6,1,1,2,1,27,4,3,2,19,1,22,1
759,.7793,1,2,6,0,0,0,0,1,0,5,2,1,0,1,1,0,0,0,2,2,2,3,1,2,6,1,4,1,2,70,3,1,1,15,1,33,5
762,2.0213,1,1,6,0,0,0,1,0,0,5,3,0,1,1,0,0,0,0,6,1,1,2,2,2,6,1,2,1,2,18,1,2,1,7,0,64,7
765,1.2485,1,1,2,0,0,0,1,0,0,1,2,0,0,0,1,0,0,0,2,2,1,2,2,1,6,1,2,1,1,50,3,2,1,13,1,58,6
766,.9145,1,1,2,0,0,0,0,1,0,5,2,0,0,0,0,0,1,0,2,3,2,3,1,2,6,2,2,1,1,61,3,1,1,8,1,23,2
767,1.1966,1,1,6,0,0,0,1,0,0,5,3,0,0,0,1,0,0,0,6,3,3,3,2,2,6,1,3,2,1,56,4,1,2,13,0,84,1
768,.8583,1,2,6,0,0,0,1,0,0,5,3,0,0,0,0,0,1,0,6,3,2,3,2,2,6,1,5,1,1,64,4,4,2,14,1,74,1
772,1.2714,1,2,6,0,0,0,0,1,0,5,3,0,0,1,0,0,0,0,6,3,3,3,5,3,6,2,5,2,2,71,2,2,2,9,1,62,5
773,.8802,1,1,2,1,0,0,0,0,0,5,2,0,0,0,0,0,1,0,2,3,2,2,2,3,6,1,2,1,1,41,4,4,1,18,1,94,1
774,.9195,1,1,6,0,0,0,0,1,0,5,3,1,0,0,0,0,0,0,2,3,2,3,5,2,6,1,2,2,1,49,3,1,2,10,1,31,2
776,.9818,1,1,6,0,0,0,0,1,0,5,2,0,1,1,1,0,0,0,6,3,2,2,5,2,6,1,1,1,1,59,2,1,2,13,1,59,5
777,.8411,1,1,2,0,0,0,1,0,0,5,2,0,1,1,1,0,0,0,2,1,3,3,1,1,6,1,2,1,1,58,4,1,2,12,0,61,1
778,.923,1,1,2,0,0,0,1,0,0,3,2,0,0,0,1,0,0,0,1,1,2,2,1,2,4,1,2,1,1,31,4,1,1,14,1,47,1
779,.8124,1,1,2,0,0,0,1,0,0,1,2,1,0,0,1,0,0,0,2,1,2,2,1,2,1,1,2,1,1,54,4,1,2,17,1,34,1
780,.9358,1,1,2,0,1,0,0,0,0,2,2,0,0,0,1,0,0,0,2,1,2,2,1,2,3,1,2,1,1,39,3,1,2,13,1,59,7
781,.9437,1,2,6,0,0,0,1,0,0,5,3,0,0,1,0,0,0,0,-1,1,2,2,5,2,6,1,3,2,1,51,2,1,2,13,0,23,7
782,.9985,1,1,6,0,1,0,0,0,0,5,3,0,0,0,0,0,1,0,6,3,3,3,1,2,6,1,1,1,1,33,2,1,2,9,0,23,7
783,.7123,1,2,6,0,0,0,1,0,0,5,2,0,1,1,1,0,0,0,6,1,1,2,5,2,5,1,5,1,1,70,4,1,1,16,1,34,5
784,.9982,1,1,6,0,0,0,0,1,0,5,3,0,1,1,0,0,0,0,6,3,3,3,5,3,6,2,3,2,1,40,3,1,2,11,1,93,1
785,.8005,1,1,6,0,0,0,1,0,0,1,2,1,1,1,1,0,0,0,2,1,2,2,1,2,6,1,1,1,1,67,3,1,1,16,1,22,6
786,.7759,1,1,6,0,1,0,0,0,0,1,1,0,0,0,1,0,0,0,5,1,1,1,2,2,6,1,2,1,1,46,4,1,2,13,1,46,1
787,.6989,1,2,2,0,0,0,1,0,0,5,3,0,0,0,0,0,1,0,2,3,3,3,2,2,6,2,5,2,2,90,4,1,1,12,1,22,2
788,1.1695,1,1,6,0,1,0,0,0,0,3,3,1,0,0,0,0,0,0,6,1,2,1,1,1,6,1,1,1,1,24,4,4,1,16,1,22,1
790,.8179,1,1,5,0,0,0,1,0,0,1,2,1,0,1,1,0,0,0,2,3,3,3,1,2,6,1,5,1,2,53,3,1,2,9,0,21,1
791,1.5653,1,1,6,0,0,0,0,1,0,5,3,0,0,0,0,0,1,0,6,3,3,3,5,2,6,1,2,1,2,57,1,4,1,16,1,21,1
792,.9634,1,1,2,0,0,0,1,0,0,5,3,1,1,1,1,0,0,0,2,3,3,3,1,2,6,1,2,1,1,59,3,1,2,15,0,58,7
793,.8888,1,1,6,0,0,0,1,0,0,5,3,0,0,0,0,0,1,0,6,3,2,3,5,2,6,1,2,1,1,52,3,1,2,19,1,43,1
794,.9433,1,1,2,0,0,0,1,0,0,5,2,1,0,0,1,0,0,0,2,1,2,2,1,2,6,1,2,1,1,39,4,1,1,16,1,58,1
795,.6605,1,1,2,0,0,0,1,0,0,5,2,0,0,0,1,0,0,0,2,3,2,2,1,2,6,2,3,1,1,67,2,1,2,7,1,31,5
796,1.0126,1,1,6,0,0,0,1,0,0,5,2,0,1,0,0,0,0,0,2,1,2,2,1,2,4,1,1,1,1,50,3,1,1,16,0,56,2
797,1.112,1,1,2,0,0,0,1,0,0,1,2,1,0,1,1,0,0,0,2,1,2,2,1,2,6,1,2,1,2,29,4,1,1,19,1,62,1
798,.856,1,5,6,0,0,0,0,1,0,5,3,0,0,0,0,0,1,0,6,3,3,3,1,3,6,2,5,1,2,68,1,1,2,13,1,73,1
799,.7123,1,1,5,0,0,0,1,0,0,5,3,1,0,0,0,0,0,0,2,1,2,2,1,2,6,1,2,1,1,63,4,1,1,16,1,33,1
800,1.3249,2,1,5,0,0,0,0,1,0,5,1,0,0,0,0,0,1,0,6,3,3,3,5,1,1,1,1,1,1,63,1,4,2,2,1,73,3
801,1.8073,2,1,6,0,0,0,1,0,0,5,3,1,1,0,0,0,0,0,6,1,3,3,5,2,1,1,2,2,1,38,1,4,2,7,1,74,4
802,1.4854,1,1,6,0,0,0,1,0,0,5,3,0,0,0,0,0,1,0,6,1,2,3,5,2,6,1,1,1,1,18,1,1,1,15,1,31,1
803,.7344,1,1,6,0,1,0,0,0,0,5,2,0,0,0,1,0,0,0,2,3,1,2,4,2,6,2,2,2,1,60,4,1,2,12,0,73,1
804,1.0645,1,1,6,0,0,0,1,0,0,4,3,0,0,0,1,0,0,0,6,1,2,2,5,2,6,1,2,1,1,33,2,1,2,12,1,12,2
805,1.3151,2,1,6,0,0,0,0,0,1,5,1,0,0,0,0,0,1,0,6,3,3,3,5,3,6,1,1,2,1,61,1,4,1,8,1,47,1
807,1.0804,1,1,6,0,0,0,0,1,0,5,3,1,1,1,1,0,0,0,6,3,3,3,5,3,6,1,2,1,1,45,2,1,1,16,1,74,1
808,.9145,1,1,6,0,0,0,0,1,0,5,3,0,0,0,0,0,1,0,6,3,3,3,5,1,6,2,3,2,1,68,3,1,1,11,1,16,5
809,1.0373,1,1,2,0,0,0,1,0,0,1,2,1,0,0,0,0,0,0,6,1,2,2,1,2,3,1,1,1,1,39,3,1,1,17,1,22,1
810,.8586,1,1,2,0,0,0,1,0,0,1,2,1,0,1,0,0,0,0,2,1,3,2,1,3,1,1,2,1,2,67,4,2,2,13,1,63,1
811,.6424,1,1,6,0,0,0,1,0,0,5,2,1,0,0,0,0,0,0,6,3,2,2,5,2,6,1,2,1,1,66,4,1,2,16,1,31,1
812,1.2455,1,1,6,0,0,0,0,1,0,5,3,0,0,1,0,0,0,0,6,3,3,3,1,2,6,1,2,2,1,45,2,1,2,9,0,73,6
814,1.0349,1,2,6,0,0,0,0,1,0,5,3,0,0,0,0,0,1,0,6,3,2,3,5,3,6,2,5,2,2,71,2,1,1,10,1,23,5
815,.8738,1,1,5,0,0,0,1,0,0,5,2,1,1,0,0,0,0,0,2,1,2,2,1,2,1,1,2,1,1,39,3,1,2,16,1,84,6
816,.8264,1,2,6,0,0,0,0,1,0,5,3,0,0,0,0,0,1,0,6,3,3,3,1,3,6,2,4,2,1,66,2,1,1,2,1,58,2
817,1.3741,1,1,6,0,0,0,1,0,0,5,1,0,1,0,0,0,0,0,4,2,1,3,5,2,3,1,1,1,1,33,3,2,1,7,0,64,6
818,.8166,1,3,2,0,0,0,0,1,0,5,1,0,0,1,1,0,0,0,5,1,3,3,1,3,6,2,4,1,2,72,3,2,2,5,1,56,5
820,.9157,1,1,6,0,0,0,1,0,0,1,3,1,0,0,0,0,0,0,6,2,2,3,2,2,6,1,1,1,1,35,3,1,2,13,1,33,1
821,1.6548,1,5,6,0,0,0,0,1,0,5,3,0,0,0,0,1,0,0,6,3,1,3,2,2,6,2,5,2,2,59,2,2,1,12,0,54,1
822,.6405,1,4,6,0,0,0,0,1,0,5,3,0,0,0,0,0,1,0,2,2,2,2,1,3,6,2,5,2,2,89,3,1,2,15,1,93,5
823,.9947,1,1,6,0,1,0,0,0,0,5,2,0,0,0,1,0,0,0,6,1,3,2,1,3,6,1,3,2,1,58,2,1,2,15,0,45,2
824,1.6606,1,1,6,0,0,0,1,0,0,5,1,0,1,0,0,0,0,0,2,1,2,3,1,2,6,1,2,1,1,29,2,4,1,8,1,93,1
825,.6405,1,1,2,0,1,0,0,0,0,1,2,1,1,0,1,0,0,0,2,3,1,2,1,3,2,2,2,1,1,62,3,1,2,17,1,86,3
826,.7219,1,2,5,0,0,0,1,0,0,4,2,0,0,1,1,0,0,0,2,3,2,2,1,2,6,1,5,1,2,71,3,1,2,15,1,21,5
827,.8726,1,1,5,0,0,0,1,0,0,5,3,1,0,0,0,0,0,0,2,3,3,3,1,2,6,1,2,1,2,56,4,1,1,15,1,72,5
828,1.518,1,1,6,0,0,0,1,0,0,3,2,0,0,0,0,0,1,0,2,2,2,3,1,3,3,1,2,1,1,18,1,1,1,16,1,54,4
829,.9798,1,1,6,0,0,0,1,0,0,5,3,0,1,1,0,0,0,0,6,3,2,1,5,2,6,1,2,1,1,35,3,1,2,16,1,73,1
832,.6565,1,1,6,0,0,0,1,0,0,5,3,0,0,0,1,0,0,0,6,1,2,2,2,2,5,1,1,1,1,70,4,1,2,16,1,57,5
833,.8671,1,1,6,0,0,0,0,1,0,5,3,0,0,0,0,0,1,0,6,3,3,3,5,3,6,1,2,1,1,23,4,1,2,6,1,59,1
835,.7881,1,1,6,0,0,0,0,1,0,5,2,0,0,0,0,0,1,0,2,3,2,3,5,2,6,1,3,1,2,74,3,1,2,8,0,74,5
836,.9013,1,2,6,0,0,0,1,0,0,5,3,1,0,0,0,0,0,0,2,3,2,2,1,2,1,1,3,1,2,68,2,1,1,17,1,52,5
837,.8726,1,1,6,0,0,0,1,0,0,5,3,1,0,1,1,0,0,0,2,3,2,3,5,2,6,1,2,1,1,57,4,1,1,16,1,63,7
838,1.9133,2,4,6,0,0,0,0,1,0,5,3,0,0,0,0,1,0,0,6,3,2,3,5,2,6,2,5,2,2,31,1,4,1,5,1,22,1
839,.8971,1,1,6,0,0,0,1,0,0,5,3,0,0,0,0,0,1,0,2,3,3,3,2,3,6,1,2,1,1,49,2,1,1,7,1,57,1
840,.7123,1,2,2,0,0,0,1,0,0,5,2,1,1,1,1,0,0,0,2,1,2,3,2,2,6,1,3,1,1,73,4,1,1,17,1,41,5
841,1.2263,1,1,2,0,0,0,1,0,0,2,2,0,0,1,1,0,0,0,2,1,2,2,2,2,6,1,2,1,1,37,4,2,2,16,1,58,1
842,.872,1,1,6,0,0,0,1,0,0,5,3,0,0,0,1,0,0,0,2,3,2,3,5,2,6,1,3,1,2,57,3,1,2,12,1,21,1
843,.892,1,5,6,0,0,0,1,0,0,5,3,0,0,0,1,0,0,0,6,3,3,3,1,2,6,2,5,1,2,70,2,1,2,9,0,62,5
844,1.1679,1,1,6,0,1,0,0,0,0,5,1,0,0,0,1,0,0,0,2,3,2,3,1,2,6,1,2,1,2,42,2,1,1,16,1,54,1
845,1.3585,1,2,6,0,0,0,0,1,0,5,3,0,0,0,0,1,0,0,6,1,1,3,5,2,6,2,2,2,1,54,1,4,2,3,1,74,6
846,1.5335,2,1,6,0,0,1,0,0,0,5,1,0,1,0,0,0,0,0,4,2,1,1,1,1,3,1,1,1,1,55,1,4,1,15,1,93,1
847,1.1186,1,1,2,0,0,0,1,0,0,1,2,1,0,0,0,0,0,0,2,1,2,2,1,2,1,1,1,1,1,20,2,1,1,4,1,47,1
848,1.494,1,1,2,1,1,0,0,0,0,5,3,1,1,1,1,0,0,0,6,1,2,2,1,3,6,1,2,1,1,29,3,2,2,13,1,57,7
849,1.5883,1,1,5,0,1,0,0,0,0,4,2,0,1,0,1,0,0,0,1,2,2,2,1,2,2,1,1,1,1,42,3,3,2,16,1,23,2
850,1.246,1,1,6,0,0,0,0,1,0,5,3,1,0,1,0,0,0,0,6,3,3,3,5,2,6,1,1,1,1,35,1,1,1,16,0,41,1
852,1.1089,1,1,6,0,0,0,1,0,0,5,3,0,0,0,1,0,0,0,5,3,3,3,5,2,5,-1,4,3,2,30,2,1,2,14,1,56,1
853,1.4255,1,1,6,0,0,0,1,0,0,1,3,0,0,0,1,0,0,0,5,2,2,2,1,2,6,1,2,1,1,19,1,1,2,17,1,61,1
854,.837,1,1,2,1,1,1,0,0,0,5,2,1,0,1,0,0,0,0,2,3,3,3,5,2,6,1,2,1,1,32,4,1,2,12,1,32,1
855,1.1483,1,1,6,0,0,0,1,0,0,5,3,1,0,1,0,0,0,0,2,1,3,3,5,3,6,1,1,1,1,26,3,1,2,14,1,23,1
856,1.9802,1,1,2,0,0,0,1,0,0,3,2,1,1,1,1,0,0,0,2,2,1,2,1,2,1,1,1,1,1,26,2,3,1,18,1,93,1
857,.8956,1,1,2,0,0,0,1,0,0,1,2,1,0,0,0,0,0,0,2,3,2,2,1,2,6,1,2,1,1,43,4,1,2,19,1,53,1
858,.6126,1,2,2,0,0,0,1,0,0,5,2,0,0,0,1,0,0,0,6,3,2,3,5,2,6,1,4,1,2,73,4,4,2,16,1,93,5
861,.6285,1,1,6,0,0,0,0,1,0,5,3,0,1,1,0,0,0,0,6,3,3,3,1,2,6,1,2,1,1,23,2,5,1,9,1,74,1
863,.8666,1,1,2,1,1,0,0,0,0,5,3,1,0,0,1,0,0,0,6,3,3,3,2,3,6,1,2,1,1,39,4,1,2,16,0,44,1
864,.923,1,1,2,0,0,0,1,0,0,5,2,1,0,0,0,0,0,0,2,1,3,2,1,2,6,1,2,1,1,35,4,1,1,16,1,33,1
865,.8671,1,1,6,0,0,0,0,1,0,5,2,0,0,1,1,0,0,0,6,3,3,2,2,1,6,1,5,1,2,24,4,1,2,5,1,64,1
866,.7069,1,2,2,0,0,0,1,0,0,1,3,1,1,1,0,0,0,0,2,3,2,3,2,2,6,1,3,1,1,55,3,1,1,1,1,86,4
867,1.0114,1,1,6,0,0,0,0,1,0,5,3,0,1,0,1,0,0,0,6,3,2,3,1,2,6,1,2,1,1,45,3,4,2,12,1,93,1
869,.8806,1,1,6,0,1,0,0,0,0,5,1,0,0,0,1,0,0,0,2,3,1,3,4,2,6,1,2,1,1,52,4,1,2,16,0,61,1
870,2.1109,1,1,6,0,0,0,0,1,0,5,3,0,0,1,1,0,0,0,6,3,1,3,5,3,6,1,2,1,1,19,2,3,2,11,1,33,1
871,1.5554,2,1,6,0,0,0,0,1,0,5,1,0,1,1,0,0,0,0,6,3,1,1,5,2,6,1,1,1,1,42,2,4,1,8,1,93,2
872,1.2278,1,1,5,0,1,0,0,0,0,5,3,0,0,0,1,0,0,0,2,3,2,2,1,3,6,1,2,1,1,20,2,1,1,16,1,93,1
873,1.3731,1,1,6,0,0,0,0,1,0,5,2,0,1,0,0,0,0,0,2,3,3,3,5,2,6,2,3,1,2,46,3,3,1,16,1,93,1
874,.7404,1,1,2,0,0,0,1,0,0,5,2,1,1,1,1,0,0,0,2,1,2,3,5,2,6,1,2,1,1,54,4,1,2,19,1,93,1
875,1.351,2,1,3,0,0,0,1,0,0,4,1,1,0,1,1,0,0,0,5,1,1,1,2,2,6,1,1,1,1,46,3,4,2,9,1,93,4
877,.8124,1,1,6,1,0,0,0,0,0,2,2,0,0,0,0,0,1,0,2,3,2,2,2,2,6,1,2,1,1,50,4,1,2,17,1,41,1
878,.7797,2,1,6,0,0,0,0,1,0,5,3,0,1,1,0,0,0,0,6,3,1,3,5,3,1,1,3,2,1,69,3,4,2,3,1,59,5
879,.7987,1,1,6,0,0,0,1,0,0,5,2,1,0,0,0,0,0,0,6,3,2,2,1,2,6,1,2,1,1,40,4,1,2,17,1,93,1
880,.932,1,1,6,0,0,0,0,1,0,5,3,0,0,0,0,0,1,0,6,3,3,3,5,3,6,2,3,2,1,68,1,1,2,11,1,11,5
881,1.0081,1,1,3,0,1,0,0,0,0,5,1,0,0,1,0,0,0,0,6,1,1,2,1,2,6,1,2,1,1,52,2,4,1,18,1,93,6
882,.7145,1,2,6,0,0,0,0,1,0,5,3,0,0,0,0,0,1,0,2,3,2,2,5,2,6,2,5,2,2,71,3,1,1,3,1,34,5
883,.9693,1,5,6,0,0,0,1,0,0,5,3,0,1,1,0,0,0,0,6,3,2,3,1,3,6,2,4,2,2,52,2,1,1,4,1,35,6
884,.9222,1,3,6,0,0,0,0,1,0,5,3,0,1,1,0,0,0,0,6,3,3,3,1,3,6,2,5,2,2,57,2,1,2,4,1,31,1
885,1.0761,1,1,2,0,0,0,1,0,0,3,2,1,0,0,0,0,0,0,2,1,2,2,1,2,3,1,2,1,1,28,4,1,1,15,0,46,1
886,1.2801,1,1,6,0,1,0,0,0,0,5,2,0,0,1,0,0,0,0,6,3,2,2,5,2,6,2,2,1,2,58,3,3,1,13,0,21,1
887,.8989,1,2,2,0,1,0,0,0,0,5,2,0,1,0,1,0,0,0,2,1,3,2,1,2,6,1,2,1,1,66,4,2,2,17,1,54,5
888,1.0496,1,1,2,0,0,0,1,0,0,2,2,0,0,0,1,0,0,0,2,1,2,2,2,2,1,2,2,2,1,25,4,1,2,17,1,21,1
889,1.0167,1,2,2,0,0,0,1,0,0,5,2,1,0,1,1,0,0,0,2,3,2,2,1,2,6,2,4,2,2,43,2,1,2,5,1,63,1
890,1.0492,1,1,6,0,0,0,0,1,0,5,3,0,0,0,0,0,1,0,6,3,3,3,5,2,6,2,2,2,1,82,4,1,1,13,0,81,5
891,.9002,1,1,2,0,0,0,1,0,0,1,2,1,0,0,0,0,0,0,6,3,2,2,1,3,6,1,1,1,1,31,4,1,2,17,1,14,1
892,1.4633,1,1,2,1,0,0,0,0,0,5,1,1,0,1,1,0,0,0,6,1,1,2,1,2,1,1,1,1,1,30,3,4,2,8,1,74,1
893,.8956,1,1,2,0,0,0,1,0,0,1,3,0,1,0,0,0,0,0,2,3,2,2,1,2,6,1,2,1,1,44,4,1,2,19,1,52,2
894,.7249,1,1,6,0,0,0,0,1,0,5,1,0,0,1,0,0,0,0,6,3,1,2,1,2,6,1,2,1,1,67,2,1,2,15,1,93,5
895,.5855,1,1,2,0,0,0,1,0,0,5,2,0,1,1,1,0,0,0,5,3,2,2,1,2,6,1,3,1,2,79,4,1,2,16,1,93,5
896,1.4619,1,1,1,0,1,0,0,0,0,4,1,0,1,1,0,0,0,0,4,1,1,1,3,2,3,1,1,1,1,23,3,2,2,13,1,34,6
897,1.3031,2,1,2,0,0,0,1,0,0,5,1,0,0,1,1,0,0,0,5,2,1,1,2,2,6,1,2,1,1,48,2,4,1,9,1,93,2
899,1.032,1,1,6,0,0,0,1,0,0,5,2,1,0,1,1,0,0,0,6,3,2,3,1,2,6,1,1,1,1,42,3,1,1,18,1,57,1
900,1.4074,1,1,6,0,0,0,1,0,0,5,2,0,0,0,0,0,1,0,6,3,3,2,5,2,6,1,2,1,1,56,2,2,2,16,1,54,1
901,1.0745,1,1,6,0,0,0,1,0,0,5,3,0,0,1,0,0,0,0,6,3,3,3,5,1,6,1,2,1,1,23,3,1,2,12,1,93,1
902,.9596,1,1,6,0,0,0,1,0,0,5,2,0,0,0,1,0,0,0,6,1,1,1,1,2,6,1,1,1,1,52,3,1,1,17,1,23,4
903,.728,1,1,6,0,0,0,1,0,0,1,3,1,1,1,1,0,0,0,2,3,2,2,1,2,6,1,2,1,1,71,4,1,1,18,1,59,5
904,.7777,1,1,2,0,1,0,0,0,0,1,2,1,0,1,1,0,0,0,2,1,2,2,1,2,3,1,1,1,1,46,4,4,1,13,1,93,1
905,.7293,1,2,6,0,0,0,1,0,0,5,3,0,0,1,0,0,0,0,6,3,3,3,5,3,6,1,3,1,1,61,2,1,2,6,1,41,1
906,.8136,1,1,6,0,1,0,0,0,0,5,3,0,0,0,0,0,1,0,2,3,3,3,1,3,6,1,2,1,1,34,3,1,2,7,1,63,6
907,1.1425,1,1,5,0,0,0,1,0,0,5,3,0,0,0,1,0,0,0,2,3,2,3,1,3,6,1,3,1,1,29,3,1,2,15,1,59,1
908,.4109,1,1,2,0,0,0,1,0,0,5,1,1,0,0,0,0,0,0,6,1,2,1,1,2,3,1,1,1,1,30,4,5,2,8,1,16,1
909,1.0098,1,1,6,0,0,0,1,0,0,5,3,1,0,0,0,0,0,0,2,1,2,3,1,3,6,1,2,1,1,35,3,1,1,14,1,41,2
910,1.235,2,3,6,0,0,0,0,1,0,4,3,1,1,0,0,0,0,0,6,3,3,3,5,3,6,1,5,1,1,48,2,4,2,10,1,21,1
911,1.3101,2,1,6,0,0,0,0,1,0,5,3,0,0,0,0,0,0,1,6,3,3,3,5,3,6,1,1,2,1,62,1,4,1,1,1,93,4
912,1.7649,1,1,2,1,1,1,0,0,0,4,3,1,1,1,1,0,0,0,3,1,1,1,3,1,2,1,1,1,1,34,1,4,2,16,1,74,5
913,1.1739,1,1,2,1,0,0,0,0,0,5,3,1,1,1,1,0,0,0,2,1,2,1,1,2,6,1,2,1,2,41,2,1,1,16,1,21,1
914,.7317,1,1,6,0,1,0,0,0,0,4,2,0,0,0,1,0,0,0,6,3,1,2,3,2,6,1,2,1,1,69,4,1,1,14,1,21,5
915,1.5369,1,1,6,0,0,0,1,0,0,1,2,1,0,1,1,0,0,0,2,1,1,2,1,1,5,1,2,1,1,41,2,2,2,8,1,35,1
916,1.3839,1,1,6,0,0,0,1,0,0,1,3,1,0,0,0,0,0,0,2,1,2,2,5,2,5,1,1,1,1,19,2,1,1,16,1,22,1
917,.5127,1,1,2,1,0,0,0,0,0,5,3,0,1,0,0,0,0,0,4,1,1,2,5,1,6,1,1,1,1,20,3,5,1,12,1,74,1
918,.7317,1,1,2,0,0,0,1,0,0,1,2,1,0,1,0,0,0,0,2,1,2,2,2,2,1,1,1,1,2,65,4,1,1,19,1,16,1
919,.8888,1,1,6,0,0,0,1,0,0,5,2,0,1,1,1,0,0,0,2,3,2,2,1,2,6,2,3,2,1,54,3,1,2,16,1,35,1
920,.9009,1,1,2,0,0,0,1,0,0,1,2,1,0,1,0,0,0,0,2,1,2,2,2,2,4,1,2,1,1,32,4,1,1,13,1,56,1
921,1.086,1,2,6,0,0,0,0,1,0,5,3,0,0,0,0,0,1,0,6,3,3,3,5,3,6,2,4,2,1,47,2,1,1,16,1,23,1
922,.9481,1,1,2,0,0,0,1,0,0,2,2,1,0,0,0,0,0,0,2,1,2,2,5,2,1,1,1,1,1,40,4,1,1,19,1,22,1
924,1.5073,1,1,2,0,0,0,1,0,0,1,2,1,1,1,1,0,0,0,2,1,2,1,1,2,3,1,1,2,2,45,3,4,1,19,0,92,1
926,.9535,1,1,4,1,0,0,0,0,0,1,1,0,0,0,1,0,0,0,2,1,2,1,1,2,1,1,1,1,1,39,1,1,1,5,1,91,7
927,1.5833,1,1,6,0,0,0,1,0,0,5,1,0,0,1,0,0,0,0,6,2,2,1,5,2,4,1,2,1,1,24,3,4,2,12,1,23,1
928,.81,1,1,6,0,0,0,0,1,0,5,3,0,0,0,1,0,0,0,6,3,2,3,1,2,6,1,2,1,1,53,3,1,2,17,1,93,7
929,.6565,1,1,6,0,0,0,1,0,0,5,2,0,0,1,0,0,0,0,2,1,1,2,1,2,5,1,1,1,1,61,4,1,2,16,1,61,2
930,.9202,1,1,6,0,1,0,0,0,0,5,3,0,0,0,0,0,1,0,6,1,1,3,1,3,6,1,2,1,1,47,2,1,1,13,1,88,6
932,.8302,1,1,6,0,0,0,1,0,0,2,2,1,1,0,0,0,0,0,2,1,2,1,1,2,6,1,2,1,1,53,4,1,2,15,1,56,1
933,.7491,1,4,6,0,0,0,0,1,0,5,3,0,0,0,0,0,1,0,6,3,2,3,5,2,6,2,2,2,1,87,2,1,2,7,1,21,5
934,.7759,1,2,2,0,0,0,1,0,0,5,3,0,0,0,1,0,0,0,2,3,2,3,1,2,6,2,4,1,1,55,4,1,2,13,1,31,1
935,.9167,1,1,2,0,0,0,1,0,0,1,2,0,0,0,1,0,0,0,5,3,2,2,1,2,6,1,2,1,2,48,2,1,2,16,1,91,1
936,.8771,1,2,5,0,0,0,1,0,0,5,2,0,0,1,0,0,0,0,2,3,2,2,1,2,6,2,2,1,1,49,4,1,1,17,1,16,1
937,1.6254,2,2,6,0,1,0,0,0,0,5,3,1,1,1,1,0,0,0,6,3,3,3,5,3,6,1,3,3,1,56,3,4,2,18,1,21,2
938,1.4689,1,1,2,0,0,0,1,0,0,5,3,1,0,1,1,0,0,0,-1,3,2,2,1,3,6,1,2,1,1,18,1,1,1,14,0,35,1
939,1.5983,1,1,1,0,1,0,0,0,0,5,3,0,1,1,1,0,0,0,6,1,3,2,3,1,2,1,2,1,1,35,1,4,2,15,1,74,7
940,1.2988,1,2,2,0,1,0,0,0,0,5,1,0,0,0,1,0,0,0,6,1,1,1,2,2,6,1,2,1,1,24,3,2,2,5,1,63,1
942,.9265,1,1,6,0,1,0,0,0,0,4,2,1,0,0,1,0,0,0,2,3,2,2,1,2,6,1,2,1,1,44,4,1,2,9,1,59,1
943,.8408,1,1,2,0,0,0,1,0,0,5,2,1,0,0,0,0,0,0,2,1,2,2,1,2,6,1,1,1,1,46,3,1,1,7,0,62,6
944,1.113,1,2,6,0,0,0,0,1,0,5,3,0,0,0,0,0,1,0,6,3,1,3,2,3,6,2,5,1,2,71,2,2,2,16,1,52,5
945,1.0937,1,1,6,0,0,0,1,0,0,5,3,0,0,1,1,0,0,0,6,3,3,3,5,2,6,1,1,1,2,49,2,1,1,10,1,34,1
946,1.0291,1,1,6,0,1,0,0,0,0,5,3,1,0,0,1,0,0,0,6,2,1,3,2,2,6,1,2,2,2,55,2,1,2,11,0,33,1
947,1.0849,1,1,1,0,0,0,1,0,0,5,3,0,1,0,0,0,0,0,6,2,2,3,4,2,6,2,5,2,2,22,3,1,1,16,1,93,7
948,1.5213,1,1,2,0,0,0,1,0,0,1,2,1,0,0,0,0,0,0,2,1,2,1,1,2,1,1,1,1,1,36,4,3,1,18,1,59,1
949,1.3567,1,1,2,0,0,0,1,0,0,3,2,1,1,1,1,0,0,0,2,1,2,2,1,2,1,1,1,1,1,32,4,3,1,16,1,93,1
950,.817,1,1,2,0,0,0,0,1,0,5,2,1,0,0,1,0,0,0,6,3,2,3,1,2,5,1,2,2,1,67,2,1,2,14,1,23,1
951,1.1727,1,2,2,0,0,0,0,1,0,5,3,0,0,0,0,0,1,0,6,3,3,3,5,2,6,1,1,1,2,21,2,1,1,12,1,86,7
952,1.2988,1,1,6,1,0,1,0,0,0,5,3,0,1,0,1,0,0,0,2,2,3,3,2,2,5,1,1,1,1,21,3,2,2,1,1,56,1
953,1.6619,2,1,6,1,0,0,0,0,0,1,2,0,0,0,0,0,0,1,2,1,2,3,5,2,5,1,3,1,1,23,1,4,2,16,1,93,1
954,.9587,1,1,6,0,0,0,1,0,0,5,3,1,1,1,1,0,0,0,6,3,2,1,2,3,6,1,2,1,1,34,3,1,2,16,1,33,1
955,1.2551,1,1,2,1,0,0,0,0,0,5,2,0,0,0,1,0,0,0,2,2,2,3,1,2,1,1,2,1,1,51,4,3,1,16,1,93,1
956,1.1334,1,1,6,0,0,0,0,1,0,5,3,1,1,1,1,0,0,0,6,3,2,3,2,3,6,1,2,1,1,58,1,1,2,16,1,62,5
957,.8211,1,2,2,0,0,0,1,0,0,5,2,1,0,1,1,0,0,0,2,1,2,3,5,2,6,1,2,1,1,40,4,1,1,16,0,12,1
958,1.1251,1,1,6,0,1,0,0,0,0,-1,3,0,0,1,0,0,0,0,2,3,2,3,5,2,6,1,4,1,1,31,3,1,2,10,1,21,1
959,.6636,1,1,2,0,0,0,1,0,0,5,2,0,0,0,0,0,0,1,5,1,2,2,2,2,6,2,1,2,1,62,1,1,2,4,1,93,7
960,1.5201,1,2,6,0,0,1,0,0,0,5,1,1,0,0,1,0,0,0,6,3,1,3,2,2,6,1,4,1,1,50,2,3,2,4,1,59,1
961,.817,1,1,2,0,0,0,1,0,0,5,2,0,0,0,0,0,1,0,6,3,2,2,1,2,6,2,2,2,1,62,2,1,2,15,1,23,2
962,.2978,1,1,2,0,0,0,1,0,0,5,1,0,0,0,1,0,0,0,5,3,2,3,4,3,6,1,2,1,1,62,2,5,2,7,1,59,2
963,.4213,1,1,2,0,0,0,1,0,0,5,2,0,0,0,1,0,0,0,2,1,2,2,1,2,1,1,2,1,1,30,4,5,1,9,1,43,1
964,.9342,1,1,2,0,0,0,0,1,0,1,2,0,0,0,0,0,1,0,6,3,3,2,1,2,6,2,2,2,2,55,3,1,1,16,1,34,1
965,.9499,1,1,6,0,0,0,1,0,0,5,2,0,0,1,1,0,0,0,2,1,2,2,5,2,6,1,5,1,2,43,4,1,2,16,0,52,1
966,1.4329,1,1,2,0,0,0,1,0,0,1,2,1,1,0,1,0,0,0,2,1,2,2,1,2,1,2,2,1,2,20,1,1,2,17,1,21,7
967,.8956,1,1,2,1,1,1,0,0,0,1,2,1,0,0,0,0,0,0,2,3,2,2,2,2,6,1,1,1,2,33,4,1,2,19,1,58,1
968,1.2431,1,1,2,0,0,0,1,0,0,5,2,1,0,0,0,0,0,0,2,1,2,2,1,2,3,1,2,1,1,27,4,1,1,9,1,33,1
969,.9629,1,1,2,1,0,0,0,0,0,5,2,1,1,1,1,0,0,0,2,3,2,2,1,2,5,1,1,1,1,38,3,4,1,14,1,88,1
970,1.0454,1,1,6,0,0,0,0,1,0,5,2,1,1,1,1,0,0,0,6,3,2,2,1,2,6,1,2,1,2,39,3,1,1,12,0,56,6
971,.8726,1,1,2,0,0,0,1,0,0,5,2,0,0,0,1,0,0,0,2,1,2,2,1,2,1,1,2,1,1,45,4,1,1,15,1,74,1
972,.7612,1,2,2,0,0,0,1,0,0,5,2,1,0,0,0,0,0,0,2,3,2,2,1,2,1,1,4,1,1,53,2,1,2,7,1,86,6
973,.9009,1,1,6,1,0,0,0,0,0,1,2,0,0,0,1,0,0,0,2,1,3,2,1,2,6,1,2,1,2,38,4,1,1,12,1,63,2
974,.6804,1,1,2,0,0,0,1,0,0,1,2,1,0,1,1,0,0,0,2,1,2,2,5,3,1,1,2,1,1,63,4,1,1,12,1,46,5
975,.923,1,1,2,0,1,0,0,0,0,1,2,1,0,1,0,0,0,0,2,1,2,2,1,2,4,1,1,1,1,36,4,1,1,19,1,31,1
976,.3414,1,1,6,1,0,0,0,0,0,1,2,0,0,0,0,0,1,0,2,3,2,2,1,2,6,1,2,1,2,45,3,5,2,13,1,95,2
977,.8514,1,1,2,0,0,0,0,1,0,5,2,0,0,0,1,0,0,0,2,3,2,3,4,1,6,1,2,1,2,55,3,1,1,18,1,87,2
978,1.5399,1,4,6,0,0,0,0,1,0,5,2,0,0,0,0,0,1,0,5,1,1,2,3,2,6,1,5,2,2,60,2,2,2,1,0,85,4
980,.7446,1,1,6,0,0,0,1,0,0,5,3,1,1,0,1,0,0,0,2,1,2,3,2,2,6,1,2,1,1,33,4,1,2,13,0,21,7
981,1.0218,1,1,2,1,0,0,0,0,0,5,2,1,0,0,0,0,0,0,2,3,3,2,2,2,1,1,1,1,1,29,4,1,2,17,1,31,1
982,.5855,1,1,2,0,0,0,1,0,0,5,2,0,0,0,1,0,0,0,2,3,2,2,2,2,6,1,2,1,1,72,4,1,2,16,1,85,1
983,.7793,1,1,6,1,0,0,0,0,0,4,3,1,0,1,0,0,0,0,6,3,1,2,1,3,6,1,2,1,2,62,3,1,1,17,1,35,1
984,.5451,1,1,5,0,0,0,1,0,0,5,2,0,0,1,0,0,0,0,6,1,2,2,1,1,6,1,2,1,1,79,4,1,2,7,1,61,2
985,1.0288,1,1,2,0,0,0,1,0,0,1,2,1,0,0,0,0,0,0,2,1,2,2,1,2,6,1,1,1,1,29,3,1,2,9,0,21,1
987,1.2721,1,1,5,0,1,0,0,0,0,5,3,1,0,0,1,0,0,0,2,1,2,1,1,2,6,1,1,1,1,29,3,4,2,13,1,93,7
988,.7662,2,1,2,0,0,0,0,1,0,5,3,0,1,0,0,0,0,0,6,3,3,3,5,2,6,1,1,1,1,39,4,4,2,2,1,93,7
989,1.3589,1,1,6,0,0,0,0,1,0,5,2,0,0,0,1,0,0,0,2,3,2,3,1,2,6,1,2,1,1,41,2,4,2,15,0,74,1
990,.7044,1,1,5,0,0,0,1,0,0,5,2,0,0,1,0,0,0,0,4,3,3,2,1,2,6,2,3,2,1,74,4,1,1,14,0,42,5
991,1.9851,1,1,2,0,0,0,1,0,0,1,2,1,0,1,1,0,0,0,2,3,1,2,2,2,6,1,1,1,2,18,1,2,1,13,1,56,4
992,1.1387,1,1,2,0,0,0,1,0,0,5,3,0,0,1,0,0,0,0,2,2,2,3,1,3,6,1,2,1,1,29,2,1,2,4,0,71,7
993,1.072,1,2,6,0,0,0,1,0,0,5,1,0,0,0,0,1,0,0,4,2,1,3,5,2,6,2,4,2,1,53,4,2,1,4,1,43,6
994,1.0297,1,2,6,0,0,0,1,0,0,5,3,0,0,0,0,0,1,0,6,1,3,3,5,2,6,2,4,2,2,75,2,1,1,9,1,74,5
995,.5532,1,1,2,0,0,0,1,0,0,5,2,0,1,1,1,0,0,0,2,1,2,2,1,2,1,1,2,1,1,26,3,5,2,10,0,61,1
996,.8726,1,1,2,0,0,0,1,0,0,1,2,0,0,1,0,0,0,0,2,3,2,2,1,2,6,1,1,1,1,57,4,1,1,18,1,59,1
997,.8124,1,1,6,0,1,0,0,0,0,5,2,0,0,0,1,0,0,0,2,3,2,3,2,2,6,1,2,1,1,52,4,1,2,16,1,34,1
998,.6626,1,1,6,0,0,0,1,0,0,-1,3,0,1,0,1,0,0,0,6,3,3,3,2,3,6,1,3,1,1,63,3,1,2,11,1,93,1
999,1.1928,1,1,6,0,0,0,0,1,0,5,2,1,1,1,1,0,0,0,6,2,1,3,1,2,6,1,1,1,1,29,2,1,2,10,1,93,1
1000,.8005,1,1,5,0,0,0,0,1,0,5,2,0,0,0,1,0,0,0,2,3,2,2,1,2,6,2,3,2,2,72,3,1,1,18,1,21,5
1001,.728,1,1,6,0,0,0,1,0,0,2,3,0,0,1,0,0,0,0,2,2,2,3,1,2,5,2,3,2,2,68,4,1,1,16,1,59,5
1002,1.1523,1,1,4,0,0,1,0,0,0,5,2,0,0,0,1,0,0,0,4,1,2,2,2,1,1,1,2,1,1,18,2,4,2,12,1,93,7
1003,1.1279,1,1,2,1,0,0,0,0,0,5,2,0,1,0,1,0,0,0,2,2,2,2,1,1,5,1,2,1,1,46,2,1,2,9,0,54,1
1004,1.0174,1,1,6,0,0,0,0,1,0,5,3,0,1,1,0,0,0,0,4,1,2,1,1,1,6,2,2,2,2,65,3,2,2,8,1,62,5
1005,.2826,1,1,6,0,0,0,1,0,0,5,1,0,0,0,0,0,1,0,6,3,3,3,1,3,6,1,3,1,1,65,3,5,2,15,1,93,5
1006,.9039,1,1,2,1,0,0,0,0,0,4,1,0,0,0,1,0,0,0,2,1,2,1,1,2,6,1,1,1,1,34,3,1,2,11,1,84,7
1007,.7212,1,2,6,0,0,0,0,1,0,5,3,0,0,0,0,0,1,0,6,3,3,3,5,3,6,2,5,2,2,66,2,1,2,2,0,31,5
1008,1.085,1,1,2,1,0,1,0,0,0,5,2,1,0,0,1,0,0,0,2,1,2,2,1,2,6,1,2,1,1,34,2,1,2,14,1,34,1
1009,.7954,1,2,6,0,0,0,1,0,0,5,3,1,0,1,1,0,0,0,6,3,3,3,1,3,6,2,4,2,1,65,2,1,2,18,1,46,2
1010,.6688,1,1,5,0,0,0,1,0,0,5,2,0,1,0,1,0,0,0,2,1,2,2,1,2,5,1,1,1,1,69,4,1,2,11,1,82,1
1011,.5732,1,2,6,0,0,0,0,1,0,5,3,0,0,0,0,0,1,0,6,3,3,3,5,3,6,2,5,2,2,76,3,1,2,5,0,23,5
1012,1.3768,1,1,2,0,0,0,1,0,0,1,2,0,0,0,1,0,0,0,2,1,2,2,1,2,4,1,1,1,1,27,2,1,1,18,1,54,1
1013,1.7377,1,1,2,0,0,0,0,1,0,5,3,0,0,0,1,0,0,0,6,1,2,3,1,2,1,1,1,1,1,30,2,3,1,8,1,93,1
1014,.817,1,1,6,0,0,0,1,0,0,5,1,0,0,0,0,0,1,0,6,3,3,3,2,2,6,2,2,1,2,79,2,1,2,15,1,21,5
1015,1.3902,1,1,5,0,0,0,1,0,0,5,3,0,0,0,1,0,0,0,5,3,1,2,5,2,6,1,1,1,2,58,3,2,2,9,1,43,1
1016,.6271,1,2,2,0,1,0,0,0,0,5,2,0,0,1,0,0,0,0,2,2,3,2,1,2,6,1,2,1,1,71,4,1,2,12,1,52,5
1017,1.3409,2,2,2,0,0,0,0,1,0,5,1,0,0,0,0,1,0,0,3,1,1,3,4,1,6,1,4,1,1,42,2,4,1,11,0,74,2
1018,.8834,1,2,6,0,0,0,1,0,0,5,3,0,0,0,0,0,1,0,6,3,3,3,5,3,6,2,4,2,2,58,2,1,1,4,1,87,1
1019,1.2933,1,1,6,1,0,0,0,0,0,5,2,0,0,0,1,0,0,0,6,3,1,3,2,2,5,1,2,1,1,31,4,2,2,13,1,64,1
1020,1.478,2,1,6,0,0,0,0,1,0,5,3,0,1,0,0,0,0,0,6,3,2,3,5,3,6,1,2,1,1,49,2,4,2,16,1,93,1
1021,.3101,1,2,2,0,0,0,1,0,0,5,3,0,0,0,1,0,0,0,6,3,2,3,1,2,6,2,4,1,2,64,3,5,2,14,1,47,1
1022,1.1154,1,2,6,0,0,0,0,1,0,5,1,0,0,0,0,0,1,0,6,1,3,3,1,2,6,1,3,1,2,25,3,1,1,7,1,56,1
1023,.81,1,1,5,0,0,0,1,0,0,5,2,0,0,0,0,0,1,0,2,3,2,2,5,2,6,1,2,1,1,57,3,1,2,19,1,93,5
1024,1.3524,1,2,6,0,0,0,1,0,0,5,3,0,1,0,0,0,0,0,6,3,2,3,1,2,6,1,3,1,2,64,1,1,2,14,0,92,5
1026,1.2751,1,1,2,0,1,0,0,0,0,5,1,0,1,0,0,0,0,0,6,3,3,3,1,2,6,1,3,1,1,59,3,3,2,19,0,16,7
1027,1.0579,1,1,2,1,0,1,0,0,0,5,2,0,0,1,0,0,0,0,6,1,1,2,2,2,6,1,2,2,1,27,4,1,2,13,0,56,1
1028,1.2648,1,1,6,0,0,0,1,0,0,5,3,0,0,1,0,0,0,0,6,3,3,3,5,3,6,1,3,1,1,27,1,1,2,6,0,47,1
1029,1.063,1,1,6,0,0,0,1,0,0,5,1,0,1,1,1,0,0,0,2,1,1,2,1,1,5,1,2,1,1,65,2,2,2,13,1,61,5
1030,1.6874,1,1,5,0,0,0,1,0,0,5,2,0,0,0,0,0,1,0,2,1,2,1,1,2,6,1,1,1,1,26,3,2,1,13,0,54,1
1031,1.085,1,1,2,0,0,0,1,0,0,5,2,1,0,0,0,0,0,0,2,3,3,2,1,2,6,1,2,1,1,38,2,1,2,14,1,35,7
1032,.7219,1,1,6,0,0,0,1,0,0,5,3,0,0,0,0,1,0,0,6,3,2,3,5,3,6,1,4,1,1,67,3,1,2,16,1,22,5
1033,.837,1,1,6,0,0,0,1,0,0,5,3,0,1,0,1,0,0,0,6,3,2,3,2,3,6,1,2,1,1,33,4,1,2,12,1,31,7
1034,.9957,1,2,6,0,0,0,0,1,0,5,3,0,1,1,1,0,0,0,6,3,2,3,5,3,6,2,4,2,1,55,2,1,1,2,1,23,1
1035,.6619,1,2,6,0,0,0,1,0,0,5,3,0,0,0,0,0,1,0,6,1,1,3,5,2,6,2,5,2,2,79,3,1,2,7,1,21,5
1036,.4473,1,1,6,0,0,0,0,1,0,5,3,0,1,0,0,0,0,0,6,3,2,3,1,3,6,1,2,1,1,39,3,5,2,11,1,63,1
1037,1.1089,1,1,6,1,0,0,0,0,0,5,3,0,0,0,1,0,0,0,6,3,2,2,1,2,6,1,2,1,1,40,2,1,2,19,1,52,1
1038,.9433,1,1,2,0,0,0,1,0,0,5,2,1,0,0,0,0,0,0,2,1,2,2,2,2,1,1,1,1,1,37,4,1,1,14,1,52,1
1039,1.2522,1,2,6,0,0,0,0,1,0,1,3,0,0,0,0,0,1,0,6,1,2,2,1,2,1,1,4,2,1,37,1,1,1,1,0,61,2
1040,.8453,1,2,6,0,0,0,0,1,0,5,3,0,0,0,1,0,0,0,6,3,3,3,5,3,6,2,3,2,-1,65,2,1,2,9,1,23,5
1041,.8129,1,1,5,0,0,0,1,0,0,5,2,0,0,0,0,0,1,0,2,1,2,2,1,2,6,1,2,1,1,67,2,1,2,14,1,62,7
1042,1.032,1,1,2,0,0,0,1,0,0,5,2,0,1,1,1,0,0,0,2,3,2,2,1,2,6,1,1,1,1,32,3,1,1,17,1,56,1
1043,1.2721,1,2,5,0,0,0,0,1,0,5,1,0,0,1,1,0,0,0,6,2,1,1,5,2,6,1,2,1,1,28,3,4,2,12,1,93,1
1044,1.5251,2,2,6,0,0,0,1,0,0,5,3,1,1,1,0,0,0,0,2,3,1,3,5,3,6,1,4,2,2,56,1,4,2,1,1,21,6
1045,.8598,1,1,6,0,0,0,1,0,0,5,2,0,0,1,1,0,0,0,2,2,1,2,1,2,6,1,2,1,2,44,4,1,2,13,1,23,1
1047,1.3761,2,1,6,0,0,0,1,0,0,5,1,1,1,1,0,0,0,0,4,3,1,3,5,1,1,1,2,1,1,58,2,4,2,1,1,74,2
1048,1.3846,1,1,5,0,0,0,1,0,0,5,3,1,0,1,1,0,0,0,2,1,1,1,5,2,3,1,1,1,2,31,2,4,2,12,1,74,7
1049,.8888,1,1,2,0,0,0,1,0,0,5,2,0,0,0,1,0,0,0,2,3,2,2,1,2,6,1,2,1,2,49,3,1,2,18,1,47,1
1050,.728,1,1,2,0,0,0,1,0,0,1,2,1,0,1,1,0,0,0,2,1,2,3,2,2,1,1,2,1,1,60,4,1,1,16,1,54,2
1051,1.0677,1,1,6,1,0,0,0,0,0,1,1,0,0,0,1,0,0,0,2,1,2,3,5,2,1,1,1,1,1,24,3,1,2,12,1,31,1
1052,1.3786,1,1,5,0,0,0,1,0,0,5,1,0,1,1,0,0,0,0,2,1,2,2,1,1,4,1,2,1,1,45,3,2,1,12,1,63,1
1053,.9634,1,1,5,0,0,0,1,0,0,5,3,0,0,0,1,0,0,0,6,1,2,3,1,2,6,2,2,2,1,54,3,1,2,18,0,63,2
1054,.3952,1,1,2,0,0,1,0,0,0,4,1,0,1,0,1,0,0,0,4,1,1,1,1,1,3,1,1,2,1,34,4,5,2,16,1,63,1
1055,1.7258,1,1,6,0,0,0,0,1,0,1,1,0,1,0,0,0,0,0,4,2,1,2,2,2,5,2,2,1,1,24,1,2,1,7,1,59,7
1056,.9002,1,1,2,0,0,0,1,0,0,5,3,1,1,1,1,0,0,0,2,3,2,3,5,2,6,1,2,1,1,43,4,1,2,16,1,23,1
1057,1.2912,1,1,6,0,0,0,0,1,0,5,1,0,1,0,1,0,0,0,6,1,2,3,5,2,6,1,3,1,2,53,3,4,1,10,1,59,1
1058,.6492,1,1,2,0,0,0,1,0,0,5,2,0,0,1,0,0,0,0,2,3,2,2,1,2,1,1,1,1,1,68,4,1,1,17,1,87,2
1059,.9986,1,1,6,0,0,0,1,0,0,5,2,0,0,1,0,0,0,0,2,1,2,2,1,2,6,1,2,1,1,42,3,1,1,16,0,47,1
1060,.6444,1,5,6,0,0,0,0,1,0,5,3,0,0,0,0,0,1,0,6,3,3,3,5,3,6,2,5,2,2,60,3,1,2,3,1,31,6
1061,.6492,1,1,2,0,1,0,0,0,0,5,2,0,1,0,0,0,0,0,2,1,2,2,1,2,1,1,1,1,1,62,4,1,1,16,1,87,2
1062,1.046,2,3,3,0,0,0,0,1,0,5,3,1,1,1,1,0,0,0,6,3,1,3,5,2,1,2,5,1,2,41,1,4,2,1,1,93,7
1063,.8888,1,1,2,0,0,0,1,0,0,1,2,1,0,0,0,0,0,0,2,1,2,2,1,2,1,1,2,1,1,48,3,1,2,15,1,32,7
1064,.7597,1,1,2,0,0,0,1,0,0,5,2,0,0,0,1,0,0,0,2,1,1,2,1,2,1,1,2,1,1,65,2,1,2,12,1,31,5
1065,1.1377,1,1,2,0,0,0,1,0,0,1,2,1,0,1,1,0,0,0,2,2,2,2,1,2,1,1,2,1,1,44,4,4,1,11,1,93,1
1066,.5855,1,1,6,0,0,0,1,0,0,5,3,1,1,1,1,0,0,0,2,3,3,3,1,2,6,1,2,1,1,60,4,1,2,15,1,93,2
1067,1.2196,2,4,6,0,0,0,0,1,0,4,2,0,1,0,0,0,0,0,6,3,1,1,1,2,1,1,5,1,1,29,1,4,2,1,1,93,4
1068,1.1697,2,1,6,0,0,1,0,0,0,5,3,0,1,0,0,0,0,0,1,2,2,3,5,2,6,1,3,1,1,40,3,4,2,7,1,93,1
1069,.9008,1,2,5,0,0,0,1,0,0,4,2,0,0,1,1,0,0,0,2,3,2,2,5,2,1,1,4,1,1,62,1,1,2,16,1,23,6
1070,.7317,1,1,6,1,0,0,0,0,0,1,2,1,0,0,1,0,0,0,6,3,3,2,1,3,6,1,1,1,1,64,4,1,1,16,1,21,4
1071,1.2398,2,2,6,0,0,1,0,0,0,5,3,0,0,1,1,0,0,0,6,3,3,3,2,2,1,1,3,1,2,46,2,4,2,9,1,93,1
1072,.9142,1,2,6,0,0,0,0,1,0,5,3,0,0,0,0,0,1,0,6,3,2,2,1,3,6,1,4,1,2,44,3,4,2,16,1,93,1
1073,1.0491,1,4,6,0,0,0,0,1,0,5,3,0,0,0,0,0,1,0,6,3,3,3,5,3,6,2,5,2,2,57,2,1,2,13,0,31,1
1074,.5855,1,4,6,0,0,0,0,1,0,4,1,0,1,0,0,0,0,0,2,3,2,1,1,2,6,2,5,1,1,76,4,1,2,15,1,93,5
1075,.793,1,2,2,0,0,0,1,0,0,1,2,1,0,1,0,0,0,0,2,1,2,2,1,2,1,1,2,2,1,52,4,1,2,13,1,52,1
1076,.5331,1,1,6,0,1,0,0,0,0,5,3,0,0,1,0,0,0,0,2,3,3,2,1,3,6,1,1,1,1,34,2,5,1,10,1,73,1
1077,1.0058,1,1,6,0,0,0,0,1,0,5,3,0,0,0,0,0,1,0,6,1,2,3,2,2,6,1,2,1,1,58,2,1,2,15,1,32,7
1078,.728,1,1,2,0,0,0,1,0,0,5,2,1,0,0,1,0,0,0,2,3,2,3,5,2,6,1,3,1,1,64,4,1,1,15,1,62,5
1079,1.6728,1,1,6,0,1,0,0,0,0,5,3,1,0,0,0,0,0,0,6,3,2,3,5,2,6,1,2,1,1,58,2,3,1,13,1,12,1
1080,.8124,1,1,6,0,0,0,1,0,0,5,3,0,0,0,1,0,0,0,2,3,2,2,1,2,6,1,5,1,1,53,4,1,2,19,1,41,1
1082,.9265,1,1,2,0,0,0,1,0,0,5,2,1,0,1,1,0,0,0,2,1,2,2,1,2,6,1,2,1,1,33,4,1,2,11,1,74,1
1083,.81,1,1,5,0,0,0,0,1,0,5,3,1,1,0,1,0,0,0,6,3,3,3,5,3,6,1,2,1,1,59,3,1,2,16,1,93,1
1084,.7987,1,1,6,0,0,0,1,0,0,1,2,0,0,0,1,0,0,0,2,2,2,3,1,2,1,1,2,1,1,41,4,1,2,16,1,93,1
1085,.9289,1,1,6,0,0,0,0,1,0,5,3,0,0,1,1,0,0,0,2,3,1,2,1,1,6,2,2,2,1,67,2,2,2,4,1,23,6
1086,1.1387,1,1,6,0,0,0,1,0,0,5,3,0,0,1,0,0,0,0,6,3,3,3,1,3,6,1,2,1,1,27,2,1,2,6,0,64,7
1087,1.3613,1,1,2,0,0,0,1,0,0,5,3,0,0,1,1,0,0,0,2,3,1,1,1,3,5,1,1,1,1,42,1,4,2,12,1,93,1
1088,.5334,1,1,6,0,0,0,0,1,0,5,3,0,0,1,0,0,0,0,6,3,1,3,5,3,6,1,2,1,1,66,4,1,2,6,1,45,5
1089,.8281,1,1,6,0,0,0,1,0,0,5,2,0,0,0,0,0,1,0,6,1,2,3,1,2,6,1,2,2,2,76,2,1,2,9,1,93,2
1090,.6565,1,1,6,0,0,0,1,0,0,5,3,1,0,0,1,0,0,0,6,1,2,2,1,2,6,1,2,1,1,61,4,1,2,15,1,74,5
1091,1.3657,2,1,6,0,0,0,1,0,0,5,3,0,0,1,0,0,0,0,6,1,2,3,2,3,6,1,2,1,1,42,3,4,1,10,1,32,1
1092,.838,1,2,6,0,0,0,1,0,0,5,2,0,1,1,1,0,0,0,2,1,3,2,1,2,6,1,1,2,1,47,3,1,2,10,1,84,1
1093,.9083,1,1,6,1,0,1,0,0,0,5,2,1,1,1,1,0,0,0,6,1,1,2,1,2,6,1,1,1,2,56,3,1,2,16,1,59,1
1094,1.0195,1,1,6,0,1,0,0,0,0,3,3,0,1,0,0,0,0,0,2,1,2,3,5,2,6,1,2,1,1,29,2,1,1,7,1,86,4
1095,.6565,1,1,6,0,0,0,1,0,0,5,2,1,1,1,1,0,0,0,2,3,1,2,1,2,6,1,1,1,1,65,4,1,2,16,1,64,1
1096,.8034,1,1,2,1,1,1,0,0,0,5,3,1,1,1,1,0,0,0,2,1,2,2,2,2,6,1,2,1,1,58,4,1,2,14,0,35,1
1097,.7317,1,1,2,0,0,0,1,0,0,1,2,1,0,1,1,0,0,0,2,1,2,2,2,2,1,1,2,1,2,69,4,1,1,18,1,14,5
1098,.8675,1,1,2,0,0,0,1,0,0,2,2,1,0,1,1,0,0,0,2,1,2,1,1,2,5,2,2,2,2,59,3,1,2,13,1,56,1
1099,1.1904,1,1,6,0,0,0,1,0,0,5,2,0,1,1,1,0,0,0,6,3,2,2,1,2,6,1,1,1,2,25,3,1,1,16,1,35,4
1100,.5855,1,1,6,0,0,0,1,0,0,5,3,1,1,1,1,0,0,0,6,1,2,2,1,2,6,1,2,1,2,70,4,1,2,16,1,93,2
1101,.8726,1,1,2,0,0,0,1,0,0,5,2,1,0,1,1,0,0,0,2,1,2,2,5,2,6,1,1,1,1,59,4,1,1,19,1,56,1
1103,.8034,1,1,2,0,0,0,1,0,0,1,2,1,0,0,0,0,0,0,2,1,2,2,5,2,6,1,2,1,1,30,4,1,1,13,1,87,1
1105,.9325,1,1,6,0,0,0,0,1,0,5,3,0,0,0,0,0,1,0,6,1,3,3,5,2,6,1,3,2,1,61,2,1,1,11,1,62,2
1106,.8653,1,3,6,0,0,0,0,1,0,5,-1,1,0,1,1,0,0,0,6,3,3,3,5,3,6,2,3,2,2,86,2,1,1,12,1,21,5
1107,.8666,1,1,2,0,0,0,1,0,0,5,2,0,0,0,1,0,0,0,2,3,1,3,1,2,1,1,2,1,1,31,4,1,2,16,0,32,1
1108,.8888,1,2,2,0,0,0,1,0,0,5,3,1,0,1,1,0,0,0,2,3,2,2,1,2,6,2,4,2,2,56,3,1,2,15,1,35,1
1109,.8302,1,1,6,0,0,0,1,0,0,5,2,0,0,1,1,0,0,0,6,3,2,2,1,2,6,1,2,1,1,54,4,1,2,17,1,58,1
1110,.6792,1,1,6,1,0,0,0,0,0,5,3,1,0,0,0,0,0,0,6,3,2,3,1,2,6,1,1,1,1,60,4,1,2,9,1,59,1
1111,1.4222,1,3,6,0,0,0,0,1,0,5,3,0,0,0,0,0,1,0,6,3,2,3,5,3,6,2,5,2,2,58,2,1,2,5,0,82,7
1113,.7832,1,1,6,1,0,1,0,0,0,1,2,1,0,0,0,0,0,0,2,1,2,2,5,2,6,1,2,1,1,30,4,1,1,6,1,57,1
1114,1.0804,1,1,6,0,0,0,1,0,0,5,2,1,1,1,1,0,0,0,6,1,2,2,5,2,6,1,2,1,1,29,4,1,2,11,1,74,1
1115,.9059,1,4,6,0,0,0,0,1,0,5,3,0,0,0,0,0,1,0,6,3,3,3,5,3,6,1,5,2,2,67,2,1,1,17,1,21,1
1116,.6405,1,1,2,0,0,0,1,0,0,2,3,1,0,0,1,0,0,0,6,1,2,3,1,2,6,2,3,2,1,63,3,1,2,15,1,88,7
1117,.7607,1,1,6,0,0,0,1,0,0,5,3,1,1,1,1,0,0,0,6,1,1,3,1,2,6,1,2,1,1,71,3,1,1,12,1,57,5
1118,2.0621,2,1,6,0,1,0,0,0,0,5,3,0,1,0,0,0,0,0,6,1,1,1,5,2,-1,1,2,2,1,26,1,4,2,4,1,34,4
1119,.7317,1,1,3,0,1,0,0,0,0,5,1,0,0,1,1,0,0,0,6,2,1,3,1,2,6,1,1,1,1,68,4,1,1,19,1,21,1
1120,1.1584,1,1,6,0,0,0,0,1,0,5,3,0,0,0,0,0,1,0,6,3,2,3,1,2,6,1,4,1,1,71,3,3,2,14,1,59,5
1122,.7404,1,1,6,0,0,0,1,0,0,5,3,0,0,0,1,0,0,0,2,2,2,3,1,2,6,2,3,1,2,49,4,1,2,15,1,93,7
1123,.8395,1,1,2,0,0,0,0,1,0,5,2,0,1,0,0,0,0,0,2,1,2,2,5,2,6,2,2,1,2,53,3,1,2,13,0,32,7
1124,.9702,2,1,1,0,0,0,0,1,0,2,2,1,0,0,0,0,0,0,6,3,3,3,1,3,5,1,3,1,1,62,1,4,2,9,1,59,7
1125,1.0188,1,1,6,0,0,0,1,0,0,5,2,1,0,0,0,0,0,0,6,1,2,3,5,2,6,1,2,1,1,21,3,1,2,18,1,86,1
1126,.7123,1,1,6,0,0,0,0,1,0,1,3,0,0,0,0,0,1,0,6,2,1,3,1,2,6,1,1,1,1,68,4,1,1,15,1,31,5
1127,1.0262,1,1,6,0,0,0,0,1,0,5,1,0,0,0,0,0,1,0,6,3,3,3,2,2,6,1,2,2,1,35,3,1,1,11,0,21,1
1128,1.0496,1,1,2,0,0,0,1,0,0,5,2,1,1,1,0,0,0,0,2,3,2,2,1,2,6,1,1,1,1,27,4,1,2,15,1,21,1
1129,1.3039,1,1,6,0,0,0,0,1,0,5,3,1,1,0,1,0,0,0,6,1,1,3,1,2,6,1,2,1,1,28,4,4,2,12,1,59,7
1130,.9849,1,3,6,0,0,0,1,0,0,5,3,0,0,0,0,0,1,0,6,3,2,3,5,2,6,2,5,2,2,69,2,1,2,8,0,74,5
1131,1.2343,1,2,6,1,0,0,0,0,0,5,3,0,0,0,0,0,1,0,2,3,3,2,1,2,6,2,4,2,1,55,2,1,1,10,1,57,1
1132,1.3771,1,1,2,0,0,0,1,0,0,1,2,1,1,1,0,0,0,0,2,1,2,2,1,2,4,1,2,1,1,50,4,3,1,16,1,33,1
1133,.8217,1,3,6,0,0,0,1,0,0,5,3,0,0,1,0,0,0,0,2,1,2,3,1,2,6,1,5,2,1,62,1,1,2,4,1,58,1
1134,.9947,1,2,6,0,0,0,0,1,0,5,3,0,1,0,0,0,0,0,6,1,3,3,5,2,6,1,3,2,1,57,2,1,2,18,0,35,6
1135,.9202,1,1,2,0,0,0,1,0,0,5,2,1,0,1,1,0,0,0,2,2,2,3,5,2,1,1,4,1,2,59,2,1,1,13,1,92,1
1136,1.8073,2,2,6,0,0,0,0,1,0,5,3,0,0,0,0,0,1,0,6,3,1,3,5,3,6,1,5,2,1,36,1,4,2,1,1,74,7
1138,1.5594,1,1,6,0,0,0,1,0,0,5,3,0,0,0,0,0,1,0,2,3,1,3,2,2,6,1,2,1,1,25,2,4,2,11,1,93,1
1139,.9083,1,1,5,0,0,0,1,0,0,1,3,0,0,0,1,0,0,0,2,3,2,2,5,2,6,1,2,1,1,55,3,1,2,15,1,59,7
1140,.8726,1,1,2,0,0,0,1,0,0,1,-1,0,0,0,1,0,0,0,2,1,2,2,1,2,4,2,2,2,1,51,4,1,1,17,1,52,1
1141,.9009,1,1,2,0,0,0,1,0,0,1,2,1,0,0,1,0,0,0,2,1,2,3,2,2,1,1,1,1,1,43,4,1,1,13,1,58,1
1142,1.1428,2,3,6,0,0,0,1,0,0,4,1,0,1,0,0,0,0,0,6,2,2,2,2,2,6,1,5,2,2,58,1,4,1,5,1,74,6
1143,1.0857,1,1,5,0,0,0,1,0,0,-1,2,1,0,1,1,0,0,0,2,1,2,2,1,2,4,1,2,1,1,52,4,2,2,13,1,62,1
1144,1.6759,1,2,5,0,0,0,1,0,0,5,2,0,1,1,0,0,0,0,5,3,3,1,5,2,6,2,5,2,1,59,1,3,2,4,1,73,6
1145,.9145,1,3,6,0,0,0,1,0,0,5,2,1,1,1,0,0,0,0,2,3,3,2,1,2,1,2,5,2,2,84,3,1,1,11,1,21,5
1147,.9774,1,1,6,0,0,0,0,1,0,5,1,0,1,0,0,0,0,0,6,1,1,1,1,2,6,1,2,1,1,28,3,4,2,2,1,86,4
1148,.7782,1,1,2,0,0,0,1,0,0,1,2,1,0,1,1,0,0,0,2,1,2,2,2,2,1,1,5,1,2,59,4,1,1,16,1,87,1
1150,1.086,1,1,2,0,0,0,1,0,0,5,2,1,0,0,0,0,0,0,2,1,2,2,1,2,6,1,2,1,1,56,2,1,1,17,1,16,1
1151,1.5091,1,2,6,0,0,0,0,1,0,5,3,0,0,0,0,0,1,0,6,3,3,3,5,2,6,2,4,2,2,57,1,2,2,7,0,72,6
1153,.9334,1,2,6,1,1,1,0,0,0,5,3,0,0,0,0,0,1,0,6,3,3,3,1,2,6,2,5,2,2,66,2,1,2,8,1,21,5
1154,.9195,1,1,5,0,0,0,1,0,0,5,2,0,1,1,0,0,0,0,6,3,3,2,1,2,6,1,2,1,2,54,3,1,2,11,1,47,1
1155,.9433,1,1,5,0,0,0,1,0,0,1,2,0,0,0,1,0,0,0,2,1,2,2,1,2,1,1,2,1,2,44,4,1,1,16,1,54,1
1156,.7304,1,1,5,0,0,0,1,0,0,5,1,0,1,0,0,0,0,0,2,1,1,3,1,2,6,2,2,2,1,62,4,2,2,6,1,34,5
1157,.939,2,1,2,0,0,0,1,0,0,5,3,1,1,1,1,0,0,0,2,3,1,2,2,3,6,1,2,1,1,69,3,4,2,16,1,74,7
1159,1.5909,1,1,6,0,0,0,1,0,0,5,1,1,0,0,1,0,0,0,2,1,2,2,1,2,1,1,2,1,1,18,3,2,1,12,1,56,7
1160,.8726,1,1,2,0,0,0,1,0,0,1,2,1,0,0,0,0,0,0,2,1,2,2,1,1,1,1,2,1,1,46,4,1,1,19,1,54,1
1161,1.1403,1,2,1,0,1,0,0,0,0,5,3,0,1,1,1,0,0,0,2,3,3,2,2,3,6,2,4,2,1,59,3,2,2,4,1,53,4
